Player,Pos,Age,G,MP,PER,TS%,AST%,TRB%,BLK%,STL%,TOV%,USG%,OWS,DWS,WS,WS/48,OBPM,DBPM,BPM,VORP,season
DeMar DeRozan,SF,34.0,79.0,2989.0,19.7,0.584,21.8,6.4,1.5,1.5,7.7,25.8,7.0,2.2,9.2,0.147,2.1,-0.3,1.8,2.8,2024
Domantas Sabonis,C,27.0,82.0,2928.0,23.2,0.637,33.9,21.4,1.5,1.2,17.9,22.2,8.6,4.0,12.6,0.206,4.0,2.4,6.5,6.2,2024
Coby White,PG,23.0,79.0,2881.0,14.5,0.57,20.8,6.9,0.6,0.9,11.1,22.7,3.1,1.6,4.7,0.078,0.7,-1.3,-0.7,0.9,2024
Mikal Bridges,SF,27.0,82.0,2854.0,14.9,0.56,16.3,7.1,0.9,1.4,10.3,24.3,2.1,2.1,4.2,0.07,0.7,-1.0,-0.4,1.2,2024
Paolo Banchero,PF,21.0,80.0,2799.0,17.3,0.546,25.2,11.6,1.6,1.3,13.0,29.7,1.3,4.0,5.3,0.09,1.3,0.0,1.3,2.3,2024
Kevin Durant,PF,35.0,75.0,2791.0,21.2,0.626,22.2,10.0,2.9,1.2,13.1,29.0,5.1,3.2,8.3,0.142,4.0,0.1,4.0,4.3,2024
Dejounte Murray,SG,27.0,78.0,2783.0,17.7,0.555,27.9,8.1,0.8,1.9,11.3,26.6,3.3,1.6,4.9,0.084,2.3,-0.6,1.7,2.6,2024
Anthony Edwards,SG,22.0,79.0,2770.0,19.7,0.575,24.6,8.8,1.3,1.8,11.9,32.3,2.9,4.7,7.5,0.13,2.7,0.5,3.3,3.7,2024
Nikola Jokić,C,28.0,79.0,2737.0,31.0,0.65,42.0,19.8,2.1,2.0,12.9,29.3,12.0,5.1,17.0,0.299,9.0,4.2,13.2,10.6,2024
Jalen Brunson,PG,27.0,77.0,2726.0,23.4,0.592,33.5,5.7,0.4,1.3,9.1,32.5,8.8,2.4,11.2,0.198,6.3,-0.4,5.8,5.4,2024
Josh Hart,SF,28.0,81.0,2707.0,11.8,0.522,16.3,14.0,0.8,1.4,13.9,13.5,2.0,3.6,5.7,0.1,-1.3,1.4,0.0,1.4,2024
Anthony Davis,C,30.0,76.0,2700.0,25.8,0.621,15.5,19.8,5.7,1.6,9.5,26.7,7.2,4.7,11.8,0.21,3.5,1.7,5.1,4.9,2024
Fred VanVleet,PG,29.0,73.0,2684.0,16.7,0.568,31.1,5.6,2.0,1.8,10.1,19.7,5.3,3.1,8.4,0.15,2.6,0.8,3.4,3.6,2024
De'Aaron Fox,PG,26.0,74.0,2659.0,20.1,0.567,25.2,7.2,1.1,2.7,10.1,31.0,3.3,3.2,6.5,0.117,2.6,0.1,2.7,3.2,2024
Pascal Siakam,PF,29.0,80.0,2657.0,19.7,0.601,19.4,11.9,0.8,1.1,8.9,25.3,5.4,1.5,6.9,0.124,2.6,-0.7,1.9,2.7,2024
Pascal Siakam,PF,29.0,39.0,1354.0,18.8,0.6,22.1,10.0,0.7,1.1,10.3,25.3,2.4,0.6,3.0,0.106,2.2,-0.8,1.4,1.2,2024
Pascal Siakam,PF,29.0,41.0,1303.0,20.7,0.602,16.5,13.9,0.9,1.1,7.4,25.2,3.0,0.9,3.9,0.143,3.0,-0.5,2.5,1.5,2024
Jayson Tatum,PF,25.0,74.0,2645.0,22.3,0.604,21.0,12.3,1.4,1.4,10.3,30.2,6.4,4.1,10.4,0.189,4.5,0.6,5.1,4.7,2024
Austin Reaves,SG,25.0,82.0,2629.0,15.5,0.613,23.5,7.4,0.8,1.2,14.1,20.3,3.9,2.0,5.9,0.108,0.9,-0.4,0.4,1.6,2024
Tyrese Maxey,PG,23.0,70.0,2626.0,19.8,0.573,26.7,5.4,1.1,1.3,6.8,28.0,5.9,2.1,8.1,0.147,4.1,-1.0,3.1,3.4,2024
Luka Dončić,PG,24.0,70.0,2624.0,28.1,0.617,44.3,13.5,1.3,1.8,12.8,36.0,8.5,3.5,12.0,0.22,8.3,1.7,9.9,8.0,2024
Nikola Vučević,C,33.0,76.0,2610.0,17.7,0.54,15.2,17.1,2.4,1.0,8.6,23.3,2.7,2.8,5.4,0.1,0.8,-0.7,0.1,1.4,2024
Jalen Green,SG,21.0,82.0,2601.0,14.7,0.541,17.3,8.7,1.0,1.2,11.4,27.4,0.2,2.9,3.1,0.056,0.4,-0.9,-0.5,1.0,2024
Rudy Gobert,C,31.0,76.0,2593.0,19.3,0.675,5.6,21.5,5.5,1.0,13.1,15.4,5.8,5.8,11.6,0.216,0.1,1.7,1.8,2.5,2024
Keegan Murray,SF,23.0,77.0,2588.0,13.3,0.569,6.9,9.1,2.1,1.5,5.9,18.1,2.6,2.6,5.2,0.096,-0.4,-0.5,-0.9,0.8,2024
Miles Bridges,SF,25.0,69.0,2581.0,15.4,0.556,14.6,11.0,1.2,1.2,9.6,24.7,0.7,1.4,2.2,0.04,0.2,-1.3,-1.1,0.6,2024
Damian Lillard,PG,33.0,73.0,2579.0,19.6,0.59,28.8,6.8,0.6,1.3,11.4,28.4,5.8,1.9,7.7,0.143,3.4,-1.3,2.1,2.7,2024
Giannis Antetokounmpo,PF,29.0,73.0,2567.0,29.9,0.649,32.7,17.9,2.6,1.6,12.7,33.0,9.5,3.7,13.2,0.246,6.7,2.4,9.0,7.2,2024
Michael Porter Jr.,SF,25.0,81.0,2565.0,15.5,0.601,6.7,12.2,1.8,0.8,7.5,20.7,3.1,3.1,6.2,0.115,1.2,-1.2,0.1,1.3,2024
Shai Gilgeous-Alexander,PG,25.0,75.0,2553.0,29.3,0.636,29.8,9.1,2.4,2.8,8.4,32.8,10.5,4.2,14.6,0.275,6.7,2.3,9.0,7.1,2024
Grayson Allen,SG,28.0,75.0,2513.0,13.8,0.679,12.1,6.6,1.6,1.3,11.3,14.5,4.7,2.2,6.9,0.132,1.1,0.1,1.3,2.0,2024
LeBron James,PF,39.0,71.0,2504.0,23.7,0.63,37.5,11.5,1.3,1.7,14.5,29.2,5.7,2.8,8.5,0.164,5.5,0.9,6.5,5.4,2024
Paul George,PF,33.0,74.0,2502.0,19.3,0.613,16.1,8.8,1.3,2.2,10.1,26.6,4.4,2.8,7.3,0.14,2.9,0.2,3.2,3.3,2024
Dennis Schröder,PG,30.0,80.0,2486.0,13.3,0.55,28.0,5.3,0.6,1.2,13.0,20.3,2.3,1.0,3.3,0.063,-0.5,-1.3,-1.8,0.1,2024
Dennis Schröder,PG,30.0,51.0,1559.0,13.9,0.559,28.0,4.9,0.5,1.4,11.7,19.4,2.0,0.5,2.5,0.076,-0.5,-1.3,-1.8,0.1,2024
Dennis Schröder,PG,30.0,29.0,927.0,12.3,0.535,28.0,6.0,0.9,0.9,15.0,21.8,0.3,0.5,0.8,0.042,-0.5,-1.4,-1.9,0.0,2024
D'Angelo Russell,PG,27.0,76.0,2484.0,16.0,0.588,27.6,5.3,1.3,1.3,11.8,23.0,3.3,1.8,5.1,0.099,1.7,-0.8,0.9,1.8,2024
James Harden,PG,34.0,72.0,2470.0,18.6,0.612,33.6,8.4,2.1,1.5,16.0,20.6,5.9,2.5,8.4,0.163,3.8,0.3,4.1,3.8,2024
Devin Booker,PG,27.0,68.0,2447.0,21.9,0.611,31.2,7.1,1.0,1.2,10.6,29.8,7.2,2.0,9.2,0.181,4.0,-1.0,3.0,3.1,2024
Jarrett Allen,C,25.0,77.0,2442.0,21.8,0.664,13.2,18.7,3.0,1.1,11.2,19.4,6.8,3.9,10.7,0.21,2.1,0.9,3.0,3.1,2024
Jabari Smith Jr.,PF,20.0,76.0,2424.0,13.8,0.571,7.1,13.6,2.3,1.0,8.9,17.6,2.4,3.2,5.6,0.111,-0.5,0.1,-0.4,1.0,2024
Stephen Curry,PG,35.0,74.0,2421.0,20.6,0.616,24.7,7.4,1.0,1.1,11.7,31.3,5.2,2.0,7.2,0.142,6.3,-1.1,5.2,4.4,2024
Bam Adebayo,C,26.0,71.0,2416.0,19.8,0.576,18.9,17.3,2.7,1.7,12.0,24.9,2.9,4.3,7.2,0.144,0.8,1.7,2.4,2.7,2024
Chet Holmgren,C,21.0,82.0,2413.0,20.4,0.632,11.6,15.0,7.3,1.1,10.9,21.6,4.6,4.4,8.9,0.178,1.8,1.5,3.4,3.3,2024
Brook Lopez,C,35.0,79.0,2411.0,14.8,0.608,7.1,9.3,6.7,0.9,8.8,16.0,3.1,2.8,5.9,0.117,0.2,0.8,1.0,1.8,2024
Kentavious Caldwell-Pope,SG,30.0,76.0,2402.0,10.7,0.602,9.5,4.2,1.5,2.0,10.5,12.9,2.2,2.6,4.8,0.096,-2.1,0.7,-1.4,0.4,2024
Bogdan Bogdanović,SG,31.0,79.0,2401.0,14.7,0.569,14.9,6.2,1.0,1.9,8.7,22.3,2.8,1.2,3.9,0.079,0.9,-0.7,0.2,1.4,2024
Brandon Miller,SF,21.0,74.0,2383.0,13.0,0.552,11.6,7.4,1.6,1.4,10.2,23.9,-0.3,1.0,0.8,0.015,-0.9,-1.6,-2.6,-0.3,2024
Harrison Barnes,PF,31.0,82.0,2381.0,11.9,0.611,5.6,5.9,0.5,1.1,6.6,15.7,3.1,1.5,4.7,0.094,-0.6,-1.2,-1.8,0.1,2024
Derrick White,SG,29.0,73.0,2381.0,16.9,0.611,21.2,7.0,3.2,1.5,11.0,18.6,5.2,3.3,8.5,0.171,2.4,1.4,3.8,3.5,2024
Tobias Harris,PF,31.0,70.0,2368.0,16.5,0.576,13.8,10.6,1.8,1.5,8.2,20.7,3.2,2.7,5.9,0.121,1.0,-0.1,0.9,1.7,2024
Donte DiVincenzo,SG,27.0,81.0,2360.0,16.0,0.597,13.7,7.1,1.4,2.3,9.7,21.3,3.6,3.0,6.6,0.135,2.5,0.9,3.4,3.2,2024
Jordan Poole,SG,24.0,78.0,2346.0,12.1,0.529,21.4,4.8,0.9,1.7,12.8,26.4,-1.5,0.8,-0.6,-0.013,-2.0,-1.9,-3.9,-1.2,2024
Jaylen Brown,SF,27.0,70.0,2343.0,18.6,0.58,16.6,8.9,1.4,1.8,10.7,28.9,2.7,3.2,5.9,0.121,0.9,-0.1,0.7,1.6,2024
Malik Beasley,SG,27.0,79.0,2337.0,10.3,0.603,6.1,6.8,0.3,1.2,6.8,14.6,1.9,1.6,3.5,0.073,-1.0,-0.8,-1.8,0.1,2024
Franz Wagner,SF,22.0,72.0,2337.0,17.6,0.575,18.8,9.6,1.1,1.6,10.0,25.7,3.1,3.2,6.4,0.131,0.9,0.3,1.2,1.9,2024
Kawhi Leonard,SF,32.0,68.0,2330.0,23.2,0.626,16.9,10.1,2.3,2.4,8.5,26.5,6.0,2.9,8.9,0.184,4.8,0.6,5.5,4.4,2024
Herbert Jones,SF,25.0,76.0,2321.0,13.2,0.636,11.3,6.5,2.6,2.2,12.4,14.1,3.3,3.0,6.3,0.131,-0.9,1.5,0.6,1.6,2024
Aaron Gordon,PF,28.0,73.0,2297.0,16.8,0.607,15.2,11.4,1.7,1.2,11.2,17.8,4.5,2.6,7.1,0.148,1.2,0.1,1.3,1.9,2024
Klay Thompson,SF,33.0,77.0,2284.0,13.9,0.576,11.2,6.0,1.4,1.1,8.9,24.2,1.8,1.7,3.6,0.075,1.1,-1.5,-0.4,0.9,2024
Kyle Kuzma,PF,28.0,70.0,2281.0,15.7,0.547,20.7,10.9,1.8,0.8,11.9,29.7,-1.0,1.1,0.2,0.004,0.5,-1.6,-1.1,0.5,2024
Jrue Holiday,PG,33.0,69.0,2263.0,14.4,0.597,19.3,8.9,2.1,1.3,14.7,16.3,3.3,3.0,6.3,0.133,1.0,1.1,2.1,2.4,2024
Deni Avdija,SF,23.0,75.0,2257.0,14.9,0.597,17.8,12.8,1.3,1.2,14.8,20.2,1.7,1.5,3.2,0.068,-0.7,-0.2,-0.9,0.6,2024
Devin Vassell,SG,23.0,68.0,2248.0,15.7,0.578,19.1,6.3,0.8,1.5,8.6,23.5,2.0,1.6,3.6,0.077,0.9,-0.9,0.0,1.1,2024
Luguentz Dort,SF,24.0,79.0,2246.0,11.1,0.593,6.3,7.0,1.9,1.5,9.3,15.4,2.0,2.5,4.6,0.097,-1.4,-0.2,-1.6,0.2,2024
Max Strus,SF,27.0,70.0,2239.0,11.7,0.553,17.3,8.5,1.2,1.4,12.7,17.4,1.2,2.6,3.9,0.083,-1.1,0.5,-0.6,0.8,2024
Dillon Brooks,SF,28.0,72.0,2227.0,9.4,0.549,7.5,5.9,0.4,1.4,9.6,17.6,0.6,2.1,2.7,0.058,-3.3,-0.3,-3.6,-0.9,2024
Tyrese Haliburton,PG,23.0,69.0,2224.0,23.3,0.605,44.9,6.9,1.7,1.8,12.2,24.6,7.6,1.5,9.0,0.195,7.3,-0.4,6.9,5.0,2024
Jalen Williams,PF,22.0,71.0,2223.0,19.1,0.621,21.3,7.1,1.9,1.7,10.1,23.7,4.5,2.7,7.3,0.157,2.0,0.3,2.3,2.4,2024
P.J. Washington,PF,25.0,73.0,2221.0,12.2,0.537,9.3,10.3,2.4,1.6,9.9,19.1,0.0,1.9,1.9,0.04,-1.7,-0.4,-2.1,-0.1,2024
P.J. Washington,PF,25.0,44.0,1286.0,13.0,0.545,11.5,10.1,2.3,1.5,10.7,21.2,0.0,0.8,0.8,0.028,-1.7,-1.1,-2.8,-0.3,2024
P.J. Washington,PF,25.0,29.0,935.0,11.0,0.522,6.2,10.5,2.5,1.7,8.5,16.3,0.0,1.1,1.1,0.056,-1.8,0.7,-1.2,0.2,2024
Jaden Ivey,SG,21.0,77.0,2217.0,12.4,0.536,20.2,6.6,1.6,1.2,14.7,24.9,-0.5,1.0,0.5,0.01,-1.4,-1.7,-3.1,-0.6,2024
Ayo Dosunmu,SG,24.0,76.0,2212.0,13.4,0.604,15.6,5.5,1.7,1.5,11.9,17.2,2.6,1.5,4.1,0.089,-0.6,-0.2,-0.8,0.7,2024
Zion Williamson,PF,23.0,70.0,2207.0,22.8,0.61,26.5,10.2,2.1,1.7,12.8,29.7,4.7,2.8,7.5,0.164,3.3,0.6,3.8,3.3,2024
Mike Conley,PG,36.0,76.0,2193.0,15.8,0.627,28.4,5.6,0.7,2.0,12.8,16.0,5.0,3.3,8.2,0.18,2.0,1.4,3.4,3.0,2024
Jeremy Sochan,PF,20.0,74.0,2193.0,11.4,0.513,16.0,11.7,1.5,1.3,14.3,18.8,-0.5,1.9,1.4,0.03,-2.8,-0.6,-3.4,-0.8,2024
Buddy Hield,SF,31.0,84.0,2160.0,13.3,0.578,14.5,7.0,1.6,1.6,10.5,19.2,1.9,1.6,3.5,0.077,1.0,-0.6,0.4,1.3,2024
Buddy Hield,SF,31.0,52.0,1336.0,13.1,0.586,12.9,7.1,1.8,1.5,10.4,18.6,1.2,0.8,2.0,0.07,1.0,-0.8,0.2,0.7,2024
Buddy Hield,SG,31.0,32.0,824.0,13.6,0.566,17.1,6.8,1.2,1.6,10.6,20.2,0.7,0.8,1.5,0.088,1.0,-0.3,0.8,0.6,2024
CJ McCollum,PG,32.0,66.0,2159.0,17.9,0.592,21.4,7.4,1.9,1.4,9.0,24.7,3.5,2.4,5.9,0.132,3.3,-0.3,3.1,2.8,2024
Spencer Dinwiddie,PG,30.0,76.0,2152.0,11.7,0.543,22.7,5.2,0.9,1.2,11.1,16.6,2.3,1.3,3.6,0.081,-1.3,-0.6,-1.9,0.1,2024
Spencer Dinwiddie,PG,30.0,48.0,1474.0,13.5,0.53,27.5,5.9,0.6,1.3,9.8,18.6,2.0,0.9,2.9,0.095,-0.5,-0.8,-1.3,0.3,2024
Spencer Dinwiddie,PG,30.0,28.0,678.0,8.0,0.586,12.2,3.9,1.7,0.9,15.1,12.2,0.3,0.4,0.7,0.052,-3.2,-0.1,-3.2,-0.2,2024
Tre Jones,PG,24.0,77.0,2138.0,14.7,0.591,30.8,7.3,0.3,1.7,15.1,15.2,3.4,1.6,4.9,0.111,-0.4,0.1,-0.4,0.9,2024
Grant Williams,PF,25.0,76.0,2130.0,10.6,0.588,11.3,8.3,1.6,1.0,14.1,15.9,1.3,1.3,2.6,0.059,-1.9,-0.7,-2.6,-0.3,2024
Grant Williams,PF,25.0,47.0,1242.0,8.3,0.56,8.2,7.4,1.9,0.9,13.4,13.6,0.4,1.0,1.3,0.052,-2.7,-0.7,-3.4,-0.4,2024
Grant Williams,PF,25.0,29.0,888.0,13.9,0.618,15.7,9.4,1.3,1.1,14.7,19.0,0.9,0.3,1.3,0.07,-0.8,-0.7,-1.5,0.1,2024
Jaren Jackson Jr.,C,24.0,66.0,2124.0,17.4,0.552,13.1,9.4,4.7,1.8,10.6,30.4,0.2,2.8,3.0,0.067,0.0,0.4,0.4,1.3,2024
Tim Hardaway Jr.,SF,31.0,79.0,2120.0,12.1,0.542,9.2,6.5,0.2,1.0,6.2,22.6,0.8,1.4,2.2,0.05,-0.8,-2.1,-2.9,-0.5,2024
Nic Claxton,C,24.0,71.0,2116.0,18.7,0.629,10.4,18.2,6.2,1.1,12.2,15.6,3.5,3.2,6.7,0.152,-0.3,1.5,1.2,1.7,2024
Jaime Jaquez Jr.,SF,22.0,75.0,2113.0,12.9,0.574,13.9,7.6,0.9,1.8,12.4,18.7,1.4,2.7,4.0,0.092,-2.2,0.3,-1.9,0.1,2024
Taurean Prince,PF,29.0,78.0,2108.0,8.8,0.579,7.2,6.1,1.4,1.3,10.8,13.8,0.3,1.7,1.9,0.043,-2.6,-0.2,-2.8,-0.4,2024
Victor Wembanyama,C,20.0,71.0,2106.0,23.1,0.565,21.5,19.4,10.0,2.0,16.2,32.2,-0.7,4.4,3.7,0.085,1.9,3.3,5.2,3.8,2024
Jaden McDaniels,SF,23.0,72.0,2105.0,9.4,0.571,6.8,6.0,1.8,1.5,11.6,15.7,0.3,3.1,3.4,0.077,-3.3,0.7,-2.6,-0.3,2024
Brandon Ingram,SF,26.0,64.0,2103.0,18.2,0.578,26.7,8.6,1.9,1.2,12.4,27.2,2.7,2.4,5.1,0.117,1.4,-0.3,1.2,1.7,2024
Scottie Barnes,SG,22.0,60.0,2094.0,19.5,0.566,26.2,13.0,3.7,1.7,13.6,24.8,2.3,2.0,4.3,0.098,2.9,0.8,3.7,3.0,2024
Jusuf Nurkić,C,29.0,76.0,2078.0,17.4,0.559,19.9,22.8,3.4,1.9,19.1,19.1,2.0,3.8,5.8,0.133,-1.0,2.1,1.1,1.6,2024
Myles Turner,C,27.0,77.0,2076.0,19.3,0.626,6.4,14.5,5.5,0.9,9.4,23.4,3.6,2.2,5.8,0.134,1.0,-0.1,0.9,1.5,2024
Collin Sexton,SG,25.0,78.0,2075.0,19.9,0.607,29.5,5.4,0.8,1.4,12.1,27.5,5.2,0.3,5.5,0.127,3.8,-1.9,1.9,2.0,2024
Cam Thomas,SG,22.0,66.0,2075.0,16.1,0.554,15.7,5.6,0.7,1.1,8.5,30.5,1.3,1.2,2.5,0.058,0.7,-1.9,-1.2,0.4,2024
Cade Cunningham,PG,22.0,62.0,2074.0,17.1,0.546,37.5,7.2,0.9,1.3,14.1,30.8,0.7,1.0,1.8,0.041,2.0,-1.6,0.3,1.2,2024
Corey Kispert,SF,24.0,80.0,2067.0,12.8,0.62,10.7,5.8,0.6,0.9,10.2,19.6,1.7,0.4,2.1,0.048,-0.2,-2.0,-2.1,-0.1,2024
Saddiq Bey,SF,24.0,63.0,2062.0,13.1,0.549,6.0,10.9,0.5,1.2,6.4,17.0,2.8,0.7,3.5,0.081,0.1,-2.0,-1.8,0.1,2024
Kelly Oubre Jr.,SF,28.0,68.0,2055.0,13.5,0.535,7.3,9.2,2.1,1.8,8.2,22.4,0.6,2.4,3.0,0.07,-1.5,-0.7,-2.3,-0.1,2024
Alperen Şengün,C,21.0,63.0,2046.0,22.0,0.585,25.2,15.4,2.1,1.8,12.5,27.0,3.8,3.1,6.9,0.163,3.1,1.7,4.9,3.5,2024
Jimmy Butler,PF,34.0,60.0,2042.0,22.0,0.626,23.1,8.8,0.8,1.9,9.3,24.0,6.4,2.7,9.1,0.214,3.9,0.7,4.6,3.4,2024
Alex Caruso,SG,29.0,71.0,2040.0,14.5,0.613,16.4,7.5,3.5,2.9,14.9,14.7,2.3,2.6,4.9,0.115,0.2,2.3,2.5,2.3,2024
Terry Rozier,SG,29.0,61.0,2040.0,17.3,0.555,27.5,6.8,1.0,1.5,8.9,25.9,2.3,1.6,3.9,0.091,2.2,-0.7,1.5,1.8,2024
Terry Rozier,SG,29.0,30.0,1065.0,19.2,0.574,31.3,6.2,1.1,1.5,9.7,27.8,1.6,0.4,2.0,0.09,3.8,-1.5,2.3,1.1,2024
Terry Rozier,PG,29.0,31.0,975.0,15.1,0.531,23.4,7.6,0.9,1.6,7.9,23.8,0.6,1.2,1.9,0.092,0.4,0.3,0.7,0.7,2024
Keldon Johnson,SF,24.0,69.0,2038.0,14.2,0.565,14.2,10.0,0.8,1.2,9.4,21.9,1.5,1.5,3.0,0.071,-0.3,-1.4,-1.7,0.2,2024
Kyrie Irving,SG,31.0,58.0,2030.0,21.9,0.608,23.8,7.8,1.2,1.7,8.0,28.1,4.9,2.0,6.9,0.163,4.8,0.1,4.9,3.6,2024
Karl-Anthony Towns,PF,28.0,62.0,2026.0,18.8,0.625,15.1,14.4,1.8,1.0,14.1,27.4,2.6,3.6,6.3,0.148,1.6,0.9,2.5,2.3,2024
Jalen Suggs,SG,22.0,75.0,2025.0,14.1,0.602,15.0,6.6,2.2,2.6,14.4,19.7,1.5,3.2,4.7,0.112,-0.6,1.6,1.0,1.5,2024
Keyonte George,PG,20.0,75.0,2023.0,10.4,0.533,23.1,5.7,0.3,0.9,17.1,22.8,-0.4,0.1,-0.3,-0.008,-1.5,-2.9,-4.4,-1.2,2024
Josh Giddey,SG,21.0,80.0,2011.0,16.6,0.547,26.6,14.2,2.0,1.2,15.7,23.1,1.4,2.9,4.3,0.102,1.0,0.4,1.5,1.8,2024
Bobby Portis,PF,28.0,82.0,2008.0,17.5,0.581,7.8,16.6,1.4,1.6,8.6,22.9,2.1,2.6,4.7,0.112,0.0,-0.8,-0.8,0.6,2024
Aaron Nesmith,SF,24.0,72.0,1995.0,12.8,0.631,6.6,7.8,2.0,1.5,8.4,16.0,2.8,1.3,4.1,0.098,-0.3,-0.2,-0.5,0.8,2024
Gary Trent Jr.,SG,25.0,71.0,1994.0,12.0,0.548,8.6,5.2,0.4,1.9,5.0,20.0,0.8,0.9,1.7,0.04,-1.2,-1.4,-2.6,-0.3,2024
Norman Powell,SG,30.0,76.0,1990.0,13.9,0.626,5.9,5.5,1.0,1.1,7.3,20.0,2.8,1.3,4.1,0.099,0.4,-1.2,-0.8,0.6,2024
Immanuel Quickley,SG,24.0,68.0,1985.0,16.7,0.577,24.6,7.2,0.5,1.2,9.2,23.8,3.5,1.2,4.7,0.115,2.2,-0.9,1.3,1.7,2024
Immanuel Quickley,SG,24.0,30.0,720.0,17.1,0.598,15.9,6.0,0.4,1.1,7.6,24.4,1.6,0.6,2.2,0.149,2.7,-0.2,2.5,0.8,2024
Immanuel Quickley,PG,24.0,38.0,1265.0,16.5,0.564,29.5,7.9,0.5,1.3,10.1,23.5,1.9,0.6,2.5,0.095,1.9,-1.3,0.6,0.8,2024
Brandin Podziemski,SG,20.0,74.0,1968.0,13.0,0.54,18.1,11.7,0.6,1.5,12.2,15.4,2.1,2.0,4.1,0.1,-0.5,0.4,-0.1,0.9,2024
Naz Reid,PF,24.0,81.0,1964.0,16.0,0.595,8.3,12.2,3.3,1.6,10.8,23.1,1.1,3.8,4.9,0.12,0.4,1.1,1.5,1.7,2024
Caris LeVert,SG,29.0,68.0,1958.0,14.6,0.524,25.7,8.0,1.6,1.9,11.4,23.1,1.0,2.6,3.6,0.088,-0.6,0.8,0.2,1.1,2024
Royce O'Neale,SF,30.0,79.0,1954.0,11.1,0.548,15.0,10.7,2.0,1.5,11.6,13.9,1.3,2.1,3.4,0.085,-1.0,1.0,0.0,1.0,2024
Royce O'Neale,SF,30.0,49.0,1202.0,10.4,0.544,15.5,10.1,2.2,1.3,13.2,13.9,0.6,1.2,1.8,0.07,-1.6,0.8,-0.7,0.4,2024
Royce O'Neale,SF,30.0,30.0,752.0,12.3,0.555,14.3,11.7,1.8,1.8,9.1,13.9,0.8,0.9,1.7,0.108,-0.2,1.4,1.3,0.6,2024
Jonathan Kuminga,PF,21.0,74.0,1949.0,17.0,0.598,12.5,9.8,1.7,1.4,10.9,24.1,2.7,1.9,4.6,0.113,0.0,-0.4,-0.4,0.8,2024
Donovan Mitchell,SG,27.0,55.0,1942.0,22.1,0.595,28.3,8.1,1.4,2.6,11.1,31.4,3.6,2.9,6.4,0.159,4.6,1.2,5.8,3.9,2024
Trae Young,PG,25.0,54.0,1942.0,20.3,0.585,45.1,4.2,0.5,1.8,16.5,30.5,4.0,0.6,4.6,0.114,4.9,-2.3,2.6,2.2,2024
Dorian Finney-Smith,PF,30.0,68.0,1934.0,10.1,0.546,7.6,9.0,1.8,1.4,10.0,13.2,1.0,1.6,2.6,0.065,-2.0,-0.1,-2.0,0.0,2024
Tyus Jones,PG,27.0,66.0,1933.0,16.5,0.578,34.6,5.0,0.8,1.7,8.8,16.3,3.9,0.7,4.5,0.113,1.5,-0.9,0.7,1.3,2024
Jonas Valančiūnas,C,31.0,82.0,1925.0,19.8,0.619,13.3,20.9,3.5,0.8,12.1,20.8,3.9,3.1,7.1,0.177,0.7,0.5,1.2,1.6,2024
Nickeil Alexander-Walker,SG,25.0,82.0,1921.0,10.9,0.578,14.5,4.9,1.9,1.6,11.8,14.8,1.5,2.8,4.3,0.107,-1.1,1.3,0.2,1.1,2024
Andrew Wiggins,SF,28.0,71.0,1920.0,12.7,0.544,8.6,9.0,1.9,1.1,9.2,20.9,1.2,1.6,2.8,0.07,-1.4,-1.2,-2.5,-0.3,2024
Duncan Robinson,SF,29.0,68.0,1905.0,12.2,0.612,15.1,5.1,0.8,1.2,11.7,19.0,1.6,2.0,3.6,0.091,-0.5,-0.4,-0.9,0.6,2024
John Collins,PF,26.0,68.0,1901.0,17.5,0.621,6.1,16.7,2.9,1.0,10.6,20.4,3.1,1.3,4.4,0.11,0.5,-1.4,-0.9,0.5,2024
Darius Garland,PG,24.0,57.0,1901.0,14.5,0.56,29.4,4.5,0.3,1.9,16.1,25.3,0.7,2.0,2.7,0.067,0.2,-1.2,-1.0,0.5,2024
Isaiah Hartenstein,C,25.0,75.0,1896.0,18.9,0.67,13.5,18.5,4.2,2.3,17.6,12.0,4.6,3.5,8.1,0.204,0.7,2.8,3.5,2.6,2024
Eric Gordon,SG,35.0,68.0,1893.0,10.8,0.58,10.0,3.6,1.4,1.7,10.2,16.5,1.0,1.5,2.5,0.063,-1.3,-0.5,-1.7,0.1,2024
Jalen Johnson,SF,22.0,56.0,1889.0,16.3,0.584,15.4,14.1,2.2,1.7,11.6,19.1,2.1,1.7,3.8,0.098,0.4,0.8,1.2,1.5,2024
Isaac Okoro,SF,23.0,69.0,1887.0,11.4,0.599,9.5,6.1,1.6,1.5,9.1,13.9,2.1,2.0,4.2,0.106,-1.8,0.7,-1.1,0.4,2024
Clint Capela,C,29.0,73.0,1883.0,20.7,0.59,6.9,22.4,5.1,1.1,9.5,17.3,4.4,1.9,6.3,0.161,1.0,-1.0,0.1,1.0,2024
Terance Mann,SG,27.0,75.0,1873.0,12.0,0.615,8.5,7.7,0.7,1.1,8.2,13.6,3.0,1.2,4.2,0.106,-0.8,-0.7,-1.5,0.2,2024
Malik Monk,SG,25.0,72.0,1872.0,16.0,0.564,28.9,6.3,1.9,1.2,13.2,25.9,1.9,1.6,3.5,0.09,1.5,-1.0,0.6,1.2,2024
Bruce Brown,SG,27.0,67.0,1866.0,11.6,0.563,13.2,8.5,0.8,1.5,11.8,16.5,1.2,1.0,2.2,0.058,-2.4,-1.0,-3.3,-0.6,2024
Bruce Brown,SG,27.0,33.0,981.0,12.2,0.568,12.3,8.9,0.6,1.7,10.5,16.7,0.9,0.6,1.5,0.074,-1.7,-0.5,-2.3,-0.1,2024
Bruce Brown,PG,27.0,34.0,885.0,10.9,0.557,14.3,8.1,0.9,1.3,13.3,16.4,0.3,0.4,0.7,0.04,-3.1,-1.4,-4.5,-0.5,2024
Jamal Murray,PG,26.0,59.0,1861.0,20.7,0.586,31.2,7.2,1.8,1.5,10.5,27.9,3.8,2.1,5.9,0.153,4.5,-0.4,4.1,2.9,2024
RJ Barrett,SG,23.0,58.0,1838.0,16.4,0.58,16.7,9.5,1.1,0.8,11.1,26.5,1.6,1.2,2.9,0.075,0.7,-1.5,-0.8,0.6,2024
RJ Barrett,SG,23.0,26.0,766.0,14.3,0.536,12.8,8.1,1.1,0.8,9.6,27.6,0.4,0.7,1.1,0.07,-0.3,-1.7,-2.0,0.0,2024
RJ Barrett,SG,23.0,32.0,1072.0,17.8,0.615,19.5,10.5,1.1,0.9,12.3,25.7,1.2,0.5,1.7,0.078,1.5,-1.4,0.1,0.6,2024
Georges Niang,PF,30.0,82.0,1831.0,9.9,0.583,7.5,8.5,0.9,0.8,9.9,17.6,0.5,2.0,2.4,0.064,-2.5,-0.4,-2.9,-0.4,2024
Jerami Grant,PF,29.0,54.0,1830.0,15.4,0.573,13.8,5.8,1.7,1.2,10.5,25.7,1.7,1.0,2.7,0.071,1.0,-1.1,-0.1,0.9,2024
Rui Hachimura,PF,25.0,68.0,1826.0,15.0,0.628,6.3,8.9,1.2,1.1,5.9,18.5,2.7,1.5,4.1,0.108,0.0,-0.9,-0.9,0.5,2024
Payton Pritchard,PG,26.0,82.0,1825.0,15.3,0.597,20.7,7.8,0.3,1.1,8.5,17.2,4.2,1.9,6.1,0.16,1.3,-0.2,1.0,1.4,2024
Lauri Markkanen,PF,26.0,55.0,1820.0,21.5,0.631,9.5,13.6,1.3,1.3,7.1,25.0,5.2,0.9,6.2,0.163,5.1,-1.5,3.6,2.6,2024
Reggie Jackson,PG,33.0,82.0,1817.0,11.7,0.521,23.0,4.7,0.6,1.2,11.7,21.7,0.6,1.5,2.1,0.056,-1.8,-1.5,-3.2,-0.6,2024
Cole Anthony,PG,23.0,81.0,1817.0,14.6,0.545,19.8,10.1,1.9,1.7,12.8,23.7,0.9,2.7,3.6,0.096,-0.6,0.7,0.1,1.0,2024
Daniel Gafford,C,25.0,74.0,1815.0,21.7,0.731,9.1,16.7,7.1,1.7,11.7,14.7,5.2,2.5,7.8,0.205,0.7,1.9,2.6,2.1,2024
Daniel Gafford,C,25.0,45.0,1192.0,19.9,0.707,8.0,16.2,6.6,1.7,11.7,13.9,3.0,1.4,4.4,0.178,-0.2,1.1,0.9,0.9,2024
Daniel Gafford,PF,25.0,29.0,623.0,25.0,0.769,11.1,17.6,7.9,1.6,11.7,16.4,2.2,1.1,3.3,0.257,2.5,3.4,5.9,1.3,2024
Ivica Zubac,C,26.0,68.0,1794.0,19.3,0.671,7.5,19.7,4.2,0.6,11.8,16.4,4.5,2.3,6.8,0.182,0.8,0.0,0.8,1.3,2024
Deandre Ayton,C,25.0,55.0,1784.0,18.9,0.587,8.8,19.1,2.1,1.5,11.2,21.1,1.8,2.1,3.9,0.106,0.5,-0.2,0.3,1.0,2024
Derrick Jones Jr.,SF,26.0,76.0,1783.0,11.7,0.592,5.5,7.7,2.5,1.4,10.5,14.9,1.5,1.6,3.1,0.083,-1.3,-0.3,-1.5,0.2,2024
Kyle Anderson,PF,30.0,79.0,1782.0,12.7,0.513,25.0,8.7,2.3,2.0,15.6,14.5,1.4,3.1,4.5,0.121,-1.6,2.7,1.1,1.4,2024
Jalen Duren,C,20.0,61.0,1777.0,18.7,0.653,12.7,22.2,2.3,0.9,16.7,18.5,3.0,1.8,4.8,0.13,-0.2,0.1,-0.1,0.9,2024
Bradley Beal,SG,30.0,53.0,1767.0,16.3,0.607,22.5,7.4,1.3,1.4,14.2,22.7,2.4,1.5,3.9,0.107,0.9,-0.6,0.4,1.1,2024
Scoot Henderson,PG,19.0,62.0,1765.0,9.5,0.489,29.9,6.2,0.7,1.3,19.3,26.5,-2.5,0.9,-1.7,-0.045,-3.5,-2.3,-5.8,-1.7,2024
Nick Richards,C,26.0,67.0,1759.0,16.7,0.717,4.5,17.2,3.9,0.7,13.8,13.3,3.8,1.3,5.1,0.14,-1.6,-0.7,-2.3,-0.1,2024
Kelly Olynyk,C,32.0,78.0,1759.0,17.4,0.661,27.6,12.9,1.5,2.0,20.9,17.5,3.5,1.4,4.9,0.133,0.7,1.1,1.8,1.7,2024
Kelly Olynyk,C,32.0,50.0,1019.0,17.3,0.677,29.6,13.7,1.1,1.8,21.3,15.6,2.5,0.7,3.1,0.148,1.3,1.3,2.6,1.2,2024
Kelly Olynyk,C,32.0,28.0,740.0,17.4,0.644,24.8,11.7,2.1,2.4,20.4,20.0,1.0,0.7,1.7,0.113,0.0,0.7,0.7,0.5,2024
Caleb Martin,SF,28.0,64.0,1756.0,10.8,0.531,11.8,9.1,1.6,1.3,11.3,17.3,0.2,2.2,2.4,0.066,-2.2,0.2,-2.0,0.0,2024
Sam Hauser,SF,26.0,79.0,1741.0,13.0,0.629,6.2,8.6,1.3,1.1,5.3,15.0,2.7,2.1,4.9,0.134,1.2,0.0,1.2,1.4,2024
Al Horford,C,37.0,65.0,1740.0,15.0,0.65,12.3,12.8,3.1,1.1,10.0,12.0,3.5,2.7,6.2,0.172,1.7,2.0,3.6,2.5,2024
Toumani Camara,PF,23.0,70.0,1739.0,10.6,0.547,7.2,11.0,1.7,1.9,14.9,13.8,0.6,1.4,2.0,0.055,-3.1,0.0,-3.1,-0.5,2024
Obi Toppin,PF,25.0,82.0,1730.0,16.5,0.677,9.4,10.5,2.0,1.3,10.0,16.8,3.6,1.1,4.8,0.132,1.8,-0.3,1.5,1.5,2024
Bilal Coulibaly,SF,19.0,63.0,1715.0,8.9,0.543,8.2,8.0,2.3,1.6,15.1,14.2,-0.5,0.9,0.4,0.013,-3.6,-0.5,-4.2,-0.9,2024
OG Anunoby,SF,26.0,50.0,1702.0,12.8,0.595,9.0,6.8,1.9,2.0,11.6,17.6,1.1,1.5,2.6,0.073,-1.0,0.5,-0.6,0.6,2024
OG Anunoby,SF,26.0,27.0,900.0,12.6,0.598,11.4,6.5,1.3,1.5,11.2,18.2,0.6,0.4,1.0,0.052,-0.8,-0.7,-1.6,0.1,2024
OG Anunoby,SF,26.0,23.0,802.0,13.0,0.591,6.2,7.1,2.7,2.5,12.1,16.8,0.5,1.1,1.6,0.097,-1.3,1.8,0.6,0.5,2024
Jabari Walker,PF,21.0,72.0,1700.0,13.0,0.546,6.2,16.7,1.2,1.2,10.2,16.3,1.4,1.6,2.9,0.083,-2.4,-0.9,-3.3,-0.6,2024
Andrew Nembhard,PG,24.0,68.0,1697.0,11.3,0.573,20.0,4.7,0.3,1.8,15.6,16.0,1.3,0.7,2.0,0.057,-1.6,-0.5,-2.2,-0.1,2024
Cason Wallace,SG,20.0,82.0,1692.0,12.0,0.612,8.9,6.2,2.0,2.2,8.9,12.9,1.9,2.1,4.0,0.115,-0.9,1.0,0.1,0.9,2024
Trey Murphy III,SF,23.0,57.0,1690.0,16.3,0.612,10.2,9.2,1.6,1.5,4.7,18.6,3.4,2.0,5.4,0.154,2.5,0.0,2.5,1.9,2024
Kristaps Porziņģis,C,28.0,57.0,1690.0,23.2,0.647,10.0,13.1,5.8,1.2,9.1,25.1,4.9,3.0,7.9,0.226,3.5,1.6,5.1,3.0,2024
Kyle Lowry,PG,37.0,60.0,1690.0,10.9,0.594,20.1,6.4,1.2,1.7,17.2,12.9,1.6,1.9,3.5,0.1,-1.9,0.9,-1.0,0.4,2024
Kyle Lowry,PG,37.0,37.0,1037.0,10.9,0.582,19.5,7.0,1.4,1.9,16.9,13.5,0.8,1.4,2.2,0.1,-2.0,1.3,-0.8,0.3,2024
Kyle Lowry,PG,37.0,23.0,653.0,11.0,0.615,21.1,5.5,0.8,1.5,17.6,12.0,0.8,0.6,1.4,0.102,-1.7,0.4,-1.3,0.1,2024
Jordan Clarkson,SG,31.0,55.0,1682.0,12.7,0.521,24.6,6.2,0.3,1.0,13.9,26.1,0.1,0.1,0.2,0.006,-1.3,-3.2,-4.5,-1.1,2024
De'Andre Hunter,SF,26.0,57.0,1681.0,12.7,0.595,7.3,7.2,0.9,1.1,10.0,20.6,1.6,0.6,2.2,0.062,-0.9,-1.5,-2.4,-0.2,2024
Pat Connaughton,SF,31.0,76.0,1676.0,9.6,0.574,12.0,7.8,1.0,1.1,11.6,10.9,1.6,1.2,2.8,0.08,-1.6,0.0,-1.6,0.2,2024
Christian Braun,SG,22.0,82.0,1655.0,12.1,0.554,10.2,10.2,1.8,1.3,9.2,15.7,1.5,2.0,3.4,0.1,-1.7,-0.2,-1.9,0.0,2024
Simone Fontecchio,SF,28.0,66.0,1644.0,12.1,0.6,8.7,8.3,1.2,1.3,10.5,16.5,1.5,0.6,2.1,0.061,0.0,-1.0,-1.0,0.4,2024
Simone Fontecchio,SF,28.0,50.0,1160.0,11.2,0.592,8.6,8.4,1.4,1.2,12.0,15.4,0.9,0.3,1.3,0.052,-0.4,-1.2,-1.6,0.1,2024
Ochai Agbaji,SG,23.0,78.0,1641.0,7.7,0.497,6.6,7.2,2.4,1.4,12.3,13.4,-0.5,0.6,0.1,0.002,-3.5,-0.9,-4.4,-1.0,2024
Ochai Agbaji,SG,23.0,51.0,1003.0,8.1,0.531,6.1,6.9,2.6,1.3,11.7,12.2,0.1,0.3,0.4,0.019,-2.5,-0.5,-3.0,-0.3,2024
Ochai Agbaji,SG,23.0,27.0,638.0,7.1,0.453,7.4,7.8,2.1,1.5,13.1,15.4,-0.6,0.3,-0.3,-0.024,-5.0,-1.5,-6.5,-0.7,2024
Julius Randle,PF,29.0,46.0,1630.0,18.9,0.569,22.8,14.6,0.7,0.8,14.1,29.9,1.9,1.9,3.8,0.113,2.2,-0.3,1.9,1.6,2024
Precious Achiuwa,C,24.0,74.0,1624.0,14.6,0.545,8.4,16.7,3.9,1.4,13.8,15.9,1.2,2.2,3.4,0.102,-1.7,0.3,-1.4,0.2,2024
Precious Achiuwa,C,24.0,25.0,437.0,15.0,0.512,14.5,17.1,2.4,1.8,13.3,21.2,0.0,0.4,0.4,0.048,-1.4,-0.2,-1.6,0.0,2024
Precious Achiuwa,PF,24.0,49.0,1187.0,14.5,0.564,6.2,16.6,4.4,1.3,14.1,14.0,1.2,1.8,3.0,0.122,-1.9,0.5,-1.4,0.2,2024
Santi Aldama,PF,23.0,61.0,1618.0,13.1,0.539,13.3,11.9,3.1,1.3,10.2,17.9,0.4,2.0,2.4,0.07,-0.7,0.4,-0.2,0.7,2024
Cameron Johnson,PF,27.0,58.0,1599.0,14.5,0.582,12.9,8.6,0.8,1.5,7.9,19.6,2.0,1.3,3.3,0.1,0.9,-0.5,0.4,1.0,2024
Malaki Branham,PG,20.0,75.0,1594.0,8.7,0.526,14.0,5.0,0.4,0.8,12.2,19.8,-0.9,0.6,-0.3,-0.008,-3.4,-2.2,-5.6,-1.5,2024
Paul Reed,C,24.0,82.0,1590.0,17.4,0.58,9.8,16.9,4.8,2.1,11.5,15.9,2.5,2.6,5.1,0.154,-0.6,1.0,0.4,0.9,2024
Ausar Thompson,SF,21.0,63.0,1583.0,12.8,0.522,10.8,14.2,3.2,2.1,13.6,16.6,0.1,1.7,1.8,0.053,-2.8,0.6,-2.2,-0.1,2024
Anfernee Simons,SG,24.0,46.0,1582.0,15.9,0.568,27.6,5.9,0.3,0.7,12.1,28.0,1.7,0.5,2.2,0.068,2.7,-2.5,0.2,0.8,2024
Kevin Huerter,SG,25.0,64.0,1562.0,12.4,0.564,14.4,8.0,1.3,1.4,8.4,17.3,1.5,1.4,2.9,0.089,-0.5,-0.4,-0.8,0.5,2024
Bennedict Mathurin,SF,21.0,59.0,1538.0,13.0,0.562,9.8,8.6,0.7,1.1,11.3,23.4,0.8,0.7,1.4,0.045,-1.2,-2.3,-3.4,-0.6,2024
Evan Mobley,PF,22.0,50.0,1532.0,20.1,0.626,15.9,17.2,4.2,1.5,12.5,20.6,2.8,2.7,5.5,0.174,0.9,2.0,2.9,1.9,2024
Chris Paul,PG,38.0,58.0,1531.0,14.7,0.544,33.4,7.9,0.4,2.2,13.4,15.6,2.6,1.7,4.3,0.136,-0.2,1.2,1.0,1.2,2024
Russell Westbrook,PG,35.0,68.0,1529.0,16.2,0.514,29.2,12.7,1.4,2.4,16.4,25.2,0.2,1.9,2.1,0.066,-0.2,0.7,0.5,1.0,2024
Nicolas Batum,PF,35.0,60.0,1529.0,10.2,0.603,10.7,9.0,2.3,1.5,13.1,8.6,1.7,1.6,3.3,0.103,-1.3,0.8,-0.4,0.6,2024
Nicolas Batum,PF,35.0,57.0,1475.0,10.3,0.606,10.6,9.0,2.1,1.5,13.2,8.7,1.6,1.5,3.2,0.104,-1.3,0.7,-0.5,0.5,2024
Zach Collins,C,26.0,69.0,1526.0,14.3,0.565,18.9,13.1,2.8,1.1,16.1,22.7,0.4,1.5,1.8,0.057,-2.0,-0.1,-2.0,0.0,2024
Josh Green,SG,23.0,57.0,1505.0,9.9,0.588,11.1,6.7,0.5,1.5,13.1,13.1,1.0,1.2,2.2,0.071,-2.4,-0.3,-2.7,-0.3,2024
Walker Kessler,C,22.0,64.0,1493.0,18.0,0.663,5.6,17.7,9.2,1.0,14.4,12.8,2.4,1.7,4.1,0.131,-0.4,1.3,0.9,1.1,2024
Draymond Green,PF,33.0,55.0,1490.0,14.5,0.587,28.6,14.4,2.9,1.8,25.0,15.3,1.4,2.2,3.6,0.116,-0.6,3.0,2.4,1.6,2024
Peyton Watson,SF,21.0,80.0,1488.0,11.8,0.539,7.4,9.6,5.0,1.4,10.5,16.2,0.3,2.2,2.5,0.079,-3.0,0.8,-2.2,-0.1,2024
Matisse Thybulle,SF,26.0,65.0,1487.0,10.4,0.537,8.3,5.1,3.0,3.8,10.8,10.6,0.4,1.8,2.2,0.072,-2.8,3.4,0.6,0.9,2024
Khris Middleton,SF,32.0,55.0,1487.0,17.0,0.595,28.9,9.5,0.9,1.6,15.4,23.9,1.9,1.4,3.4,0.109,1.1,0.0,1.1,1.2,2024
Bojan Bogdanović,PF,34.0,57.0,1478.0,12.6,0.581,10.3,5.7,0.3,1.0,11.9,24.6,0.3,0.7,1.1,0.034,-0.7,-2.5,-3.2,-0.4,2024
Bojan Bogdanović,PF,34.0,28.0,921.0,14.1,0.6,12.2,5.7,0.4,1.2,11.8,24.7,0.5,0.3,0.8,0.042,0.3,-2.5,-2.1,0.0,2024
Bojan Bogdanović,SF,34.0,29.0,557.0,10.1,0.549,7.1,5.8,0.2,0.6,12.1,24.3,-0.2,0.4,0.2,0.021,-2.4,-2.5,-4.9,-0.4,2024
Julian Champagnie,SF,22.0,74.0,1468.0,10.6,0.57,9.3,7.6,2.4,1.6,11.4,14.4,0.6,1.3,1.8,0.059,-1.8,-0.1,-1.9,0.0,2024
Patrick Beverley,PG,35.0,73.0,1462.0,11.6,0.539,19.0,9.0,1.9,1.4,13.4,14.3,1.2,1.5,2.7,0.09,-1.5,0.5,-1.1,0.3,2024
Patrick Beverley,PG,35.0,47.0,919.0,11.7,0.547,21.0,8.7,1.8,1.3,15.4,14.9,0.7,0.9,1.7,0.087,-1.5,0.0,-1.5,0.1,2024
Patrick Beverley,PG,35.0,26.0,543.0,11.4,0.524,15.8,9.5,2.0,1.7,9.6,13.2,0.5,0.6,1.1,0.095,-1.6,1.2,-0.4,0.2,2024
Amir Coffey,SF,26.0,70.0,1460.0,10.0,0.604,6.8,5.7,0.9,1.4,7.9,12.5,1.6,1.0,2.6,0.084,-1.9,-0.3,-2.2,-0.1,2024
Isaiah Joe,SG,24.0,78.0,1445.0,13.4,0.626,8.9,6.9,1.4,1.5,8.5,16.6,1.9,1.6,3.5,0.116,1.1,-0.3,0.9,1.0,2024
Desmond Bane,SG,25.0,42.0,1443.0,18.5,0.589,29.2,7.0,1.4,1.5,11.7,28.5,1.8,1.3,3.1,0.102,3.1,-0.3,2.8,1.7,2024
Vince Williams Jr.,SG,23.0,52.0,1436.0,12.8,0.597,18.0,11.0,2.2,1.6,17.4,15.8,1.1,1.7,2.8,0.093,-1.7,1.0,-0.7,0.5,2024
Isaiah Stewart,PF,22.0,46.0,1423.0,11.3,0.6,7.1,11.9,2.3,0.6,13.6,14.5,0.9,0.8,1.7,0.056,-1.6,-0.7,-2.3,-0.1,2024
Moritz Wagner,C,26.0,80.0,1415.0,20.6,0.676,11.2,14.4,1.4,1.4,13.1,22.8,3.5,2.0,5.6,0.188,1.7,0.3,2.0,1.4,2024
Tyler Herro,SG,24.0,42.0,1407.0,15.7,0.558,22.4,8.9,0.2,1.1,10.6,27.8,0.4,1.6,2.0,0.068,1.5,-0.7,0.8,1.0,2024
Wendell Carter Jr.,C,24.0,55.0,1406.0,15.9,0.623,9.9,15.9,1.9,1.2,12.3,17.2,2.2,2.1,4.4,0.149,0.5,0.4,0.9,1.0,2024
Onyeka Okongwu,C,23.0,55.0,1405.0,16.9,0.674,7.2,14.6,3.8,0.9,9.8,13.7,3.5,1.0,4.5,0.153,0.0,-0.5,-0.4,0.5,2024
Amen Thompson,SF,21.0,62.0,1388.0,18.2,0.576,17.0,15.8,2.5,2.7,14.9,18.5,1.9,2.4,4.3,0.149,-0.1,1.9,1.8,1.3,2024
Haywood Highsmith,PF,27.0,66.0,1366.0,11.1,0.587,7.2,8.7,2.1,1.9,9.0,12.4,1.1,1.9,3.1,0.108,-1.8,1.1,-0.7,0.5,2024
Dyson Daniels,PG,20.0,61.0,1358.0,12.0,0.529,15.4,9.7,1.8,3.1,15.0,12.6,0.7,2.2,2.9,0.103,-1.9,2.5,0.6,0.9,2024
Andre Drummond,C,30.0,79.0,1351.0,23.0,0.576,4.1,29.3,3.6,2.7,12.3,21.3,2.3,2.6,4.9,0.175,0.8,-0.7,0.1,0.7,2024
Marcus Sasser,PG,23.0,71.0,1351.0,11.8,0.542,25.4,5.2,0.8,1.6,14.3,19.9,0.3,0.6,0.9,0.033,-1.5,-1.1,-2.6,-0.2,2024
Kris Murray,SF,23.0,62.0,1348.0,9.0,0.481,8.4,9.3,1.4,1.9,12.3,14.1,-0.4,1.0,0.7,0.024,-3.5,-0.2,-3.6,-0.6,2024
Miles McBride,PG,23.0,68.0,1328.0,13.1,0.59,12.2,4.2,0.5,1.9,5.9,16.4,2.4,1.3,3.6,0.131,-0.4,0.4,-0.1,0.6,2024
Jakob Poeltl,C,28.0,50.0,1319.0,18.9,0.653,14.0,17.9,5.1,1.3,15.3,16.2,2.4,1.4,3.8,0.138,-0.3,1.0,0.7,0.9,2024
Joel Embiid,C,29.0,39.0,1309.0,34.1,0.644,32.4,18.1,4.6,1.7,12.5,39.6,5.2,2.3,7.5,0.275,8.5,3.1,11.6,4.5,2024
Jeff Green,PF,37.0,78.0,1307.0,11.3,0.59,7.3,7.3,2.2,0.6,9.6,15.5,1.4,1.2,2.6,0.095,-1.6,-0.4,-2.1,0.0,2024
Cameron Payne,PG,29.0,78.0,1304.0,12.8,0.566,21.9,4.9,0.8,1.6,11.4,19.1,1.4,1.0,2.4,0.089,-0.5,-0.6,-1.1,0.3,2024
Cameron Payne,PG,29.0,47.0,702.0,12.6,0.603,20.7,4.8,0.4,1.5,11.4,16.7,1.1,0.5,1.6,0.108,-1.0,-0.5,-1.5,0.1,2024
Cameron Payne,PG,29.0,31.0,602.0,13.0,0.533,23.4,5.0,1.2,1.6,11.5,21.8,0.3,0.5,0.8,0.067,0.0,-0.8,-0.7,0.2,2024
Gary Harris,SG,29.0,54.0,1297.0,9.4,0.587,9.1,4.1,1.0,1.9,8.9,11.7,1.1,1.5,2.7,0.099,-2.3,1.1,-1.2,0.3,2024
Dereck Lively II,C,19.0,55.0,1294.0,18.1,0.728,6.4,16.0,5.2,1.3,13.1,12.6,3.1,1.8,4.9,0.183,-0.3,0.8,0.5,0.8,2024
T.J. McConnell,PG,31.0,71.0,1291.0,20.9,0.586,41.8,8.4,0.5,2.6,14.8,23.7,2.8,1.1,3.9,0.143,2.9,0.1,3.0,1.6,2024
Aaron Holiday,PG,27.0,78.0,1269.0,11.5,0.578,15.4,5.2,0.4,1.6,10.6,16.7,1.3,1.2,2.5,0.094,-1.8,0.3,-1.5,0.2,2024
Cedi Osman,SF,28.0,72.0,1269.0,11.2,0.601,13.0,7.7,0.7,1.3,10.4,15.1,1.0,0.9,1.9,0.071,-1.7,-0.3,-2.1,0.0,2024
Gradey Dick,SG,20.0,60.0,1268.0,8.9,0.546,7.4,5.7,0.1,1.3,9.7,17.4,-0.1,0.4,0.3,0.01,-3.2,-2.2,-5.4,-1.1,2024
Naji Marshall,SF,26.0,66.0,1257.0,12.7,0.576,13.6,10.6,0.9,1.9,13.8,16.3,1.0,1.6,2.6,0.1,-1.3,0.5,-0.7,0.4,2024
Kris Dunn,PG,29.0,66.0,1249.0,12.8,0.546,27.1,8.3,2.0,2.6,19.5,13.6,1.1,0.9,2.0,0.076,-1.5,1.4,-0.1,0.6,2024
Gordon Hayward,SF,33.0,51.0,1245.0,12.8,0.548,18.3,8.1,1.0,1.6,12.6,18.4,0.6,0.9,1.5,0.058,-1.6,-0.5,-2.1,0.0,2024
Gordon Hayward,SF,33.0,25.0,798.0,14.2,0.544,22.1,8.2,1.4,1.7,13.3,21.2,0.3,0.4,0.7,0.041,-1.2,-0.6,-1.8,0.0,2024
Gordon Hayward,SF,33.0,26.0,447.0,10.3,0.56,11.5,8.0,0.2,1.3,10.9,13.4,0.4,0.5,0.8,0.088,-2.4,-0.2,-2.6,-0.1,2024
GG Jackson II,PF,19.0,48.0,1233.0,13.7,0.554,8.0,8.7,1.8,1.1,9.3,24.2,0.2,1.1,1.2,0.048,-0.2,-1.8,-2.0,0.0,2024
Aaron Wiggins,SG,25.0,78.0,1228.0,15.6,0.664,9.3,8.4,1.4,2.2,12.1,16.4,2.1,1.6,3.7,0.144,0.4,0.4,0.7,0.8,2024
Larry Nance Jr.,C,31.0,61.0,1216.0,14.9,0.653,12.1,14.1,1.5,2.5,15.5,11.3,2.1,1.9,4.1,0.16,-0.2,2.2,2.0,1.2,2024
Duop Reath,C,27.0,68.0,1214.0,15.1,0.571,8.9,11.5,2.8,1.3,8.8,20.7,1.4,1.0,2.4,0.095,-0.2,-0.7,-0.9,0.3,2024
Alec Burks,SG,32.0,66.0,1212.0,12.9,0.536,10.7,6.9,0.9,1.1,7.0,24.4,0.7,0.7,1.4,0.054,-0.3,-2.0,-2.3,-0.1,2024
Alec Burks,SG,32.0,43.0,901.0,15.1,0.581,11.2,6.8,1.0,1.1,6.4,23.5,1.3,0.4,1.7,0.092,1.3,-1.7,-0.4,0.4,2024
Alec Burks,SG,32.0,23.0,311.0,6.5,0.42,9.2,7.2,0.3,1.1,8.3,26.9,-0.6,0.3,-0.4,-0.055,-4.9,-3.0,-7.8,-0.5,2024
Kevon Looney,C,27.0,74.0,1195.0,15.1,0.62,14.1,18.9,2.2,1.1,15.6,11.3,2.5,1.6,4.0,0.162,-0.8,1.4,0.6,0.8,2024
David Roddy,PF,22.0,65.0,1177.0,8.7,0.484,10.3,9.8,0.9,1.1,11.5,18.1,-0.9,1.0,0.1,0.004,-4.0,-1.0,-5.0,-0.9,2024
David Roddy,PF,22.0,48.0,1114.0,8.7,0.485,10.4,9.8,0.9,1.1,11.5,18.1,-0.9,1.0,0.1,0.005,-3.9,-1.0,-5.0,-0.8,2024
Vasilije Micić,PG,30.0,60.0,1176.0,10.7,0.524,31.1,4.2,0.6,1.3,19.7,18.8,-0.1,0.4,0.4,0.015,-2.5,-2.2,-4.6,-0.8,2024
Vasilije Micić,PG,30.0,30.0,361.0,8.0,0.498,25.7,3.7,0.8,1.2,22.6,15.4,-0.1,0.3,0.2,0.021,-3.9,-1.4,-5.3,-0.3,2024
Vasilije Micić,PG,30.0,30.0,815.0,11.9,0.532,33.5,4.4,0.5,1.3,18.7,20.3,0.1,0.1,0.2,0.012,-1.9,-2.5,-4.4,-0.5,2024
Patrick Williams,PF,22.0,43.0,1174.0,11.0,0.553,7.7,7.9,2.9,1.7,12.8,16.6,0.1,1.0,1.2,0.048,-2.1,-0.1,-2.3,-0.1,2024
John Konchar,SF,27.0,55.0,1173.0,11.4,0.537,13.0,12.0,4.1,2.1,17.4,9.7,0.5,1.7,2.2,0.091,-2.6,2.2,-0.4,0.5,2024
Drew Eubanks,C,26.0,75.0,1169.0,14.4,0.645,7.2,15.6,4.6,1.1,17.2,13.2,1.6,1.6,3.1,0.129,-2.0,0.8,-1.2,0.2,2024
Joe Ingles,SF,36.0,68.0,1169.0,10.6,0.612,23.0,7.1,0.4,1.8,21.7,11.6,1.1,1.5,2.6,0.108,-1.7,1.2,-0.5,0.5,2024
Anthony Black,PG,20.0,69.0,1164.0,8.4,0.56,10.6,7.0,1.7,1.5,16.6,12.7,0.1,1.5,1.6,0.067,-3.8,0.8,-3.0,-0.3,2024
Jordan Hawkins,SG,21.0,67.0,1160.0,10.2,0.533,8.2,7.1,0.6,0.8,7.5,19.9,0.3,1.0,1.3,0.053,-1.3,-1.7,-3.1,-0.3,2024
Trey Lyles,PF,28.0,58.0,1158.0,11.9,0.596,8.1,12.4,1.5,0.7,9.7,14.4,1.3,1.0,2.4,0.098,-0.4,-0.7,-1.1,0.3,2024
Moses Moody,SG,21.0,66.0,1156.0,13.7,0.578,6.7,9.2,1.9,1.8,8.7,18.4,1.2,1.2,2.4,0.101,-0.2,0.1,-0.1,0.6,2024
Jae Crowder,PF,33.0,50.0,1156.0,8.9,0.546,7.2,7.6,0.7,1.6,7.4,11.5,0.6,1.0,1.6,0.065,-2.6,0.0,-2.6,-0.2,2024
Trayce Jackson-Davis,PF,23.0,68.0,1130.0,21.6,0.692,10.4,16.3,6.1,1.2,11.2,16.4,3.2,1.6,4.8,0.205,1.5,1.2,2.8,1.4,2024
Malcolm Brogdon,PG,31.0,39.0,1121.0,17.0,0.56,30.9,7.4,0.6,1.2,9.9,23.0,2.0,0.6,2.6,0.111,2.7,-0.7,2.0,1.1,2024
Dean Wade,PF,27.0,54.0,1108.0,10.2,0.598,5.0,11.1,2.0,1.8,7.6,10.5,0.9,1.6,2.5,0.11,-1.7,1.8,0.1,0.6,2024
Josh Richardson,SG,30.0,43.0,1103.0,11.4,0.573,13.9,6.2,1.2,1.1,8.9,16.5,0.9,1.2,2.1,0.093,-1.3,0.0,-1.3,0.2,2024
Davion Mitchell,PG,25.0,72.0,1101.0,9.3,0.555,16.0,4.8,0.2,0.7,11.2,14.9,0.8,0.6,1.3,0.059,-2.4,-1.0,-3.4,-0.4,2024
Dario Šarić,C,29.0,64.0,1098.0,15.3,0.6,17.8,13.9,0.8,1.4,15.4,19.5,1.6,1.2,2.8,0.123,0.6,0.4,1.0,0.9,2024
James Wiseman,C,22.0,63.0,1091.0,14.8,0.637,7.3,17.2,3.1,0.5,15.9,16.3,1.3,0.8,2.1,0.094,-2.6,-0.9,-3.5,-0.4,2024
Danté Exum,PG,28.0,55.0,1088.0,13.7,0.645,19.3,7.5,0.4,1.0,12.9,15.0,2.1,0.8,2.9,0.127,-0.3,-0.3,-0.6,0.4,2024
Sam Merrill,SG,27.0,61.0,1069.0,13.1,0.598,14.1,6.3,0.3,0.9,4.5,17.5,1.9,0.9,2.8,0.125,1.3,-0.8,0.5,0.7,2024
Dennis Smith Jr.,PG,26.0,56.0,1059.0,13.4,0.508,27.3,8.5,1.0,3.2,15.8,17.7,0.5,1.3,1.8,0.08,-2.6,1.8,-0.8,0.3,2024
Shaedon Sharpe,SG,20.0,32.0,1059.0,11.4,0.524,13.8,8.5,1.0,1.3,12.9,22.4,-0.2,0.6,0.5,0.022,-1.9,-0.9,-2.8,-0.2,2024
Jordan Goodwin,PG,25.0,57.0,1055.0,12.6,0.451,20.9,13.3,1.6,2.2,12.1,19.0,-0.2,1.4,1.2,0.054,-1.5,0.5,-1.0,0.3,2024
Jordan Goodwin,PG,25.0,40.0,558.0,12.5,0.481,18.7,11.8,1.4,2.0,12.4,18.2,0.2,0.6,0.8,0.072,-1.3,0.4,-0.9,0.2,2024
Marvin Bagley III,C,24.0,50.0,1053.0,19.4,0.629,8.1,16.1,2.6,0.9,11.3,21.0,2.0,0.7,2.7,0.122,1.0,-1.4,-0.4,0.4,2024
Marvin Bagley III,C,24.0,26.0,478.0,18.2,0.638,9.0,13.8,2.5,0.5,12.2,21.1,0.9,0.3,1.1,0.112,0.4,-1.6,-1.2,0.1,2024
Marvin Bagley III,C,24.0,24.0,575.0,20.5,0.622,7.3,18.0,2.7,1.2,10.5,20.9,1.1,0.4,1.6,0.13,1.5,-1.2,0.3,0.3,2024
Torrey Craig,SF,33.0,53.0,1049.0,10.8,0.568,7.3,11.6,2.1,1.4,10.7,12.5,1.0,0.9,1.9,0.087,-1.8,-0.2,-2.0,0.0,2024
Jalen Smith,C,23.0,61.0,1047.0,20.7,0.682,8.0,18.2,2.9,0.8,9.1,19.4,3.1,0.9,4.0,0.182,3.2,-0.8,2.4,1.2,2024
Dalano Banton,PG,24.0,54.0,1047.0,13.3,0.504,19.4,9.5,1.7,1.6,12.2,25.7,-0.4,0.9,0.5,0.024,-0.7,-0.6,-1.3,0.2,2024
Dalano Banton,PG,24.0,24.0,171.0,9.9,0.468,13.9,11.0,1.5,1.4,14.3,17.8,0.0,0.2,0.2,0.063,-4.7,0.6,-4.1,-0.1,2024
Dalano Banton,PG,24.0,30.0,876.0,14.0,0.508,20.5,9.1,1.8,1.6,12.0,27.2,-0.4,0.7,0.3,0.016,0.1,-0.9,-0.8,0.3,2024
Ziaire Williams,SF,22.0,51.0,1038.0,9.3,0.511,11.1,9.5,0.8,1.7,13.8,19.7,-0.9,1.1,0.2,0.01,-4.0,-0.4,-4.5,-0.6,2024
Jae'Sean Tate,SF,28.0,65.0,1031.0,9.3,0.538,8.2,10.2,1.3,2.0,13.1,11.7,0.4,1.3,1.8,0.082,-3.7,1.5,-2.3,-0.1,2024
Kenrich Williams,PF,29.0,69.0,1029.0,11.9,0.568,11.4,11.3,0.8,1.8,10.1,13.4,1.1,1.3,2.5,0.115,-1.1,0.3,-0.8,0.3,2024
Jose Alvarado,PG,25.0,56.0,1028.0,12.5,0.54,15.3,6.9,1.4,2.8,9.8,17.3,0.6,1.5,2.1,0.097,-1.5,1.5,-0.1,0.5,2024
Quentin Grimes,SG,23.0,51.0,1025.0,8.9,0.516,8.7,5.5,0.6,1.7,7.5,15.8,0.3,1.0,1.3,0.06,-2.6,0.4,-2.2,-0.1,2024
Quentin Grimes,SG,23.0,45.0,910.0,9.5,0.543,7.8,5.4,0.3,1.7,6.5,15.3,0.7,0.9,1.5,0.081,-1.9,0.4,-1.5,0.1,2024
De'Anthony Melton,SG,25.0,38.0,1023.0,13.4,0.533,15.4,7.6,1.4,2.9,9.0,18.3,0.8,1.4,2.1,0.099,-0.7,1.2,0.5,0.7,2024
Daniel Theis,C,31.0,60.0,1015.0,14.4,0.597,8.3,13.6,4.5,1.0,11.8,15.4,1.4,1.2,2.5,0.119,-1.7,0.1,-1.6,0.1,2024
Daniel Theis,C,31.0,59.0,1007.0,14.5,0.601,8.3,13.7,4.6,1.0,11.9,15.4,1.4,1.2,2.6,0.122,-1.6,0.1,-1.5,0.1,2024
Lonnie Walker IV,SG,25.0,58.0,1011.0,13.1,0.545,11.5,6.9,1.8,1.6,9.0,24.4,-0.1,0.9,0.8,0.038,-0.4,-1.0,-1.4,0.2,2024
Talen Horton-Tucker,PG,23.0,51.0,1009.0,13.4,0.503,25.5,6.6,1.7,2.2,11.2,24.0,0.3,0.5,0.8,0.039,-0.9,-0.4,-1.2,0.2,2024
Killian Hayes,PG,22.0,42.0,1008.0,10.5,0.474,27.8,6.6,1.7,1.7,14.3,15.1,0.0,0.7,0.7,0.032,-2.9,0.2,-2.7,-0.2,2024
Jevon Carter,PG,28.0,72.0,1004.0,8.5,0.485,12.9,3.3,1.6,1.8,8.9,17.7,-0.5,0.7,0.2,0.009,-3.3,-0.7,-4.0,-0.5,2024
Luke Kennard,SG,27.0,39.0,999.0,13.1,0.641,20.8,6.2,0.2,1.0,13.9,16.7,1.4,0.7,2.1,0.099,0.6,-0.9,-0.3,0.4,2024
Garrison Mathews,SG,27.0,66.0,992.0,8.9,0.665,4.8,5.1,0.7,1.0,7.2,11.1,1.4,0.2,1.6,0.077,-2.1,-0.9,-3.0,-0.2,2024
Jaden Hardy,SG,21.0,73.0,989.0,11.2,0.517,15.7,7.2,0.4,1.1,10.8,24.9,-0.4,0.7,0.3,0.014,-2.0,-2.1,-4.1,-0.5,2024
Tre Mann,PG,22.0,41.0,987.0,13.7,0.559,24.1,8.5,0.3,2.5,16.0,18.2,0.4,0.8,1.2,0.058,-1.7,0.4,-1.3,0.2,2024
Tre Mann,PG,22.0,28.0,868.0,13.7,0.552,24.3,8.1,0.3,2.7,15.7,18.2,0.3,0.6,0.9,0.052,-2.0,0.5,-1.5,0.1,2024
Cam Reddish,SF,24.0,48.0,984.0,7.7,0.504,6.0,5.6,1.2,2.3,10.7,12.7,-0.3,0.9,0.6,0.03,-4.0,0.8,-3.2,-0.3,2024
Luke Kornet,C,28.0,63.0,983.0,19.8,0.736,8.9,14.3,5.5,1.2,8.5,11.0,3.5,1.6,5.1,0.248,1.6,1.8,3.4,1.3,2024
Keon Ellis,SG,24.0,57.0,978.0,12.0,0.627,11.1,7.1,2.7,2.5,13.0,12.4,1.1,1.2,2.3,0.114,-0.9,2.1,1.2,0.8,2024
Xavier Tillman Sr.,PF,25.0,54.0,974.0,12.2,0.472,11.3,11.8,4.2,2.6,10.1,14.8,-0.1,1.6,1.4,0.071,-3.1,1.9,-1.2,0.2,2024
Xavier Tillman Sr.,C,25.0,34.0,700.0,11.8,0.44,12.1,12.3,4.7,2.9,11.1,16.0,-0.5,1.2,0.6,0.043,-3.8,2.1,-1.7,0.1,2024
Xavier Tillman Sr.,PF,25.0,20.0,274.0,13.3,0.579,9.3,10.6,2.9,1.6,6.7,11.8,0.4,0.4,0.8,0.142,-1.3,1.3,0.0,0.1,2024
Josh Okogie,SG,25.0,60.0,960.0,12.0,0.552,8.4,9.1,2.2,2.4,12.5,13.0,1.0,1.1,2.1,0.104,-1.3,0.8,-0.5,0.4,2024
Goga Bitadze,C,24.0,62.0,957.0,17.8,0.629,11.7,17.5,7.0,1.7,15.1,13.3,1.8,1.9,3.7,0.186,-0.7,2.8,2.1,1.0,2024
Max Christie,SG,20.0,67.0,944.0,8.4,0.544,8.0,8.4,1.6,1.0,11.8,13.6,-0.1,0.8,0.7,0.036,-3.2,-0.4,-3.6,-0.4,2024
Kevin Love,PF,35.0,55.0,924.0,18.5,0.597,19.0,20.7,1.1,1.0,10.6,21.9,1.7,1.6,3.3,0.17,2.7,1.0,3.6,1.3,2024
Day'Ron Sharpe,C,22.0,61.0,921.0,20.0,0.596,14.0,23.1,4.3,1.3,16.7,19.7,1.6,1.3,2.9,0.152,-0.4,0.4,0.0,0.5,2024
Jonathan Isaac,PF,26.0,58.0,914.0,19.2,0.61,4.8,16.7,7.1,2.3,7.7,16.7,1.5,2.1,3.6,0.188,1.4,2.4,3.8,1.4,2024
Markelle Fultz,PG,25.0,43.0,910.0,12.6,0.492,19.7,8.9,1.5,2.3,12.8,18.8,0.0,1.3,1.3,0.069,-2.6,1.2,-1.4,0.1,2024
Doug McDermott,SF,32.0,64.0,904.0,9.1,0.6,10.3,3.6,0.2,0.8,8.7,14.9,0.6,0.3,0.9,0.046,-1.5,-1.9,-3.4,-0.3,2024
Doug McDermott,SF,32.0,46.0,700.0,9.5,0.62,11.1,3.7,0.2,0.7,9.7,14.9,0.5,0.2,0.8,0.053,-1.0,-1.8,-2.9,-0.2,2024
Jaylin Williams,C,21.0,69.0,897.0,12.7,0.561,15.0,14.5,2.8,1.5,12.1,13.5,1.0,1.5,2.4,0.13,-0.8,1.9,1.1,0.7,2024
Nikola Jović,PF,20.0,46.0,896.0,12.8,0.583,14.7,12.1,1.5,1.4,12.2,17.1,0.6,1.3,1.9,0.103,-0.9,1.3,0.3,0.5,2024
Bryce McGowens,SG,21.0,59.0,882.0,9.3,0.565,8.1,6.5,1.1,1.2,10.1,14.9,0.4,0.3,0.6,0.034,-3.7,-1.1,-4.9,-0.6,2024
Cam Whitmore,SF,19.0,47.0,880.0,16.6,0.561,6.0,11.0,1.8,1.7,8.2,27.1,0.4,1.1,1.5,0.082,1.0,-0.9,0.1,0.5,2024
Jaxson Hayes,C,23.0,70.0,877.0,14.0,0.718,5.0,13.4,2.9,1.8,16.9,12.5,1.4,1.1,2.5,0.135,-2.8,0.9,-1.9,0.0,2024
Blake Wesley,SG,20.0,61.0,876.0,10.1,0.537,25.3,5.8,0.9,1.6,18.1,14.7,0.3,0.6,0.9,0.05,-4.0,0.1,-4.0,-0.4,2024
Malachi Flynn,PG,25.0,69.0,876.0,11.9,0.533,21.1,7.2,0.8,2.1,15.0,20.4,-0.1,0.6,0.5,0.029,-2.0,-0.2,-2.2,0.0,2024
Malachi Flynn,PG,25.0,31.0,474.0,10.1,0.535,20.3,7.5,1.1,1.8,18.4,16.2,0.0,0.3,0.2,0.025,-2.8,0.0,-2.7,-0.1,2024
Malachi Flynn,PG,25.0,24.0,342.0,14.4,0.528,23.3,7.0,0.5,2.7,12.9,26.0,-0.1,0.3,0.2,0.023,-1.0,-0.3,-1.3,0.1,2024
Christian Wood,PF,28.0,50.0,872.0,12.3,0.568,7.4,16.2,3.3,0.9,14.1,17.6,0.0,1.1,1.2,0.064,-2.6,-0.2,-2.8,-0.2,2024
Zach LaVine,SG,28.0,25.0,872.0,15.1,0.578,16.8,8.3,0.9,1.2,11.0,23.8,0.8,0.6,1.5,0.08,0.8,-0.7,0.1,0.5,2024
Maxi Kleber,C,32.0,43.0,871.0,8.8,0.573,9.5,9.0,3.0,0.9,14.4,9.6,0.6,0.8,1.4,0.08,-2.3,1.0,-1.3,0.2,2024
Justin Holiday,SG,34.0,58.0,862.0,9.7,0.598,9.5,4.6,0.9,2.1,6.7,10.6,0.9,0.9,1.8,0.101,-2.5,0.9,-1.6,0.1,2024
Chimezie Metu,C,26.0,51.0,859.0,13.3,0.61,7.4,12.7,1.6,2.4,16.0,16.2,0.5,1.1,1.5,0.085,-2.1,0.8,-1.3,0.2,2024
Chimezie Metu,C,26.0,37.0,448.0,13.9,0.621,5.8,13.9,1.8,2.1,15.3,17.0,0.4,0.6,1.0,0.106,-1.6,0.3,-1.3,0.1,2024
Trendon Watford,PF,23.0,63.0,856.0,15.7,0.611,14.6,12.4,2.0,1.3,15.1,21.1,0.9,0.9,1.8,0.1,-0.9,0.4,-0.5,0.3,2024
Taylor Hendricks,PF,20.0,40.0,856.0,11.8,0.578,5.0,11.9,3.1,1.6,9.7,13.7,0.7,0.6,1.2,0.07,-1.3,-0.4,-1.6,0.1,2024
Dwight Powell,C,32.0,63.0,836.0,14.5,0.716,12.4,14.0,2.1,1.5,18.1,9.1,2.2,0.9,3.1,0.181,-1.1,0.8,-0.3,0.4,2024
Troy Brown Jr.,SF,24.0,59.0,827.0,8.8,0.51,9.7,9.8,0.3,1.4,11.0,14.3,0.0,0.9,0.8,0.048,-2.8,0.2,-2.6,-0.1,2024
Troy Brown Jr.,SF,24.0,37.0,410.0,11.6,0.603,11.7,10.0,0.4,1.0,12.4,15.7,0.4,0.6,1.0,0.118,-0.2,0.5,0.4,0.2,2024
Troy Brown Jr.,SF,24.0,22.0,417.0,5.9,0.406,7.8,9.6,0.2,1.8,9.5,12.9,-0.5,0.3,-0.2,-0.021,-5.3,-0.2,-5.5,-0.4,2024
Marcus Morris,PF,34.0,49.0,817.0,9.9,0.558,6.1,9.1,1.4,0.9,9.6,16.6,0.2,0.8,1.0,0.06,-2.5,-1.3,-3.8,-0.4,2024
Marcus Morris,PF,34.0,37.0,637.0,10.5,0.559,5.7,9.4,1.6,1.0,7.9,16.3,0.3,0.6,1.0,0.073,-2.3,-1.1,-3.4,-0.2,2024
Caleb Houstan,SF,21.0,59.0,815.0,8.3,0.582,4.8,6.1,0.5,0.9,6.9,12.5,0.7,0.8,1.5,0.089,-1.4,-0.5,-1.9,0.0,2024
Ben Sheppard,SG,22.0,57.0,814.0,8.1,0.524,7.5,6.2,0.2,1.9,5.9,13.2,0.3,0.4,0.8,0.046,-3.3,-0.1,-3.4,-0.3,2024
Jake LaRavia,PF,22.0,35.0,806.0,12.6,0.54,11.1,8.7,1.4,1.8,11.4,21.1,0.3,0.8,1.0,0.062,-1.4,-1.0,-2.5,-0.1,2024
Bismack Biyombo,C,31.0,40.0,791.0,9.9,0.562,9.5,14.5,4.4,0.7,21.3,10.7,0.1,1.0,1.1,0.066,-4.8,1.4,-3.4,-0.3,2024
Bismack Biyombo,C,31.0,30.0,718.0,10.0,0.56,10.1,14.5,4.4,0.7,21.4,10.6,0.1,0.9,1.0,0.066,-4.8,1.6,-3.2,-0.2,2024
JT Thor,PF,21.0,63.0,781.0,9.1,0.519,5.1,10.5,3.2,0.7,7.3,11.7,0.2,0.3,0.6,0.034,-3.5,-1.1,-4.5,-0.5,2024
Isaiah Jackson,C,22.0,59.0,771.0,21.5,0.689,8.3,17.5,6.3,2.1,12.3,17.2,2.2,1.1,3.3,0.204,0.3,1.4,1.7,0.7,2024
Mitchell Robinson,C,25.0,31.0,768.0,16.1,0.554,3.1,19.2,4.3,2.4,13.8,10.2,1.2,1.3,2.5,0.155,-0.3,0.4,0.0,0.4,2024
Jock Landale,C,28.0,56.0,763.0,15.6,0.584,11.8,12.1,4.0,1.3,11.7,14.8,1.4,0.9,2.3,0.146,-0.5,0.4,-0.1,0.4,2024
Cody Martin,SF,28.0,28.0,753.0,9.2,0.46,19.1,8.1,2.2,2.1,16.1,16.1,-0.7,0.5,-0.2,-0.012,-4.1,0.6,-3.5,-0.3,2024
KJ Martin,SF,23.0,60.0,746.0,9.9,0.563,9.4,9.7,1.5,1.5,13.9,13.4,0.3,0.8,1.1,0.071,-4.0,-0.1,-4.1,-0.4,2024
KJ Martin,SF,23.0,58.0,715.0,10.0,0.569,9.6,9.9,1.4,1.4,13.8,13.2,0.4,0.7,1.1,0.076,-3.9,-0.1,-4.0,-0.4,2024
Delon Wright,PG,31.0,47.0,742.0,13.6,0.505,20.8,6.3,1.3,3.5,6.3,12.8,0.8,0.9,1.7,0.109,-2.0,2.5,0.4,0.5,2024
Delon Wright,PG,31.0,33.0,456.0,14.1,0.497,22.8,6.9,1.4,3.6,7.5,13.5,0.4,0.4,0.9,0.092,-1.8,2.3,0.5,0.3,2024
Ish Smith,PG,35.0,43.0,741.0,6.8,0.435,26.4,5.8,0.5,1.1,22.7,12.3,-0.5,0.2,-0.4,-0.025,-5.6,-1.2,-6.8,-0.9,2024
Mo Bamba,C,25.0,57.0,740.0,15.4,0.575,7.6,17.8,7.4,1.5,15.1,15.1,0.6,1.3,2.0,0.128,-2.3,1.4,-1.0,0.2,2024
Nick Smith Jr.,SG,19.0,51.0,729.0,8.1,0.511,12.0,5.5,0.9,0.7,11.7,20.3,-0.6,0.1,-0.5,-0.036,-3.1,-2.8,-5.9,-0.7,2024
Landry Shamet,SG,26.0,46.0,726.0,10.5,0.556,10.2,4.6,1.1,1.6,9.3,18.8,0.1,0.2,0.3,0.022,-2.7,-1.3,-4.0,-0.4,2024
Chris Duarte,SF,26.0,59.0,719.0,8.4,0.512,7.8,8.3,1.0,1.9,10.4,14.9,0.0,0.7,0.7,0.047,-3.5,0.1,-3.4,-0.2,2024
Jordan Nwora,SF,25.0,52.0,712.0,13.7,0.565,12.3,11.6,1.6,1.8,14.1,22.4,-0.1,0.6,0.5,0.034,-1.1,-1.5,-2.5,-0.1,2024
Jordan Nwora,SF,25.0,34.0,529.0,14.2,0.573,12.2,12.1,2.0,1.8,14.8,22.3,-0.1,0.5,0.4,0.035,-0.8,-1.2,-2.0,0.0,2024
LaMelo Ball,PG,22.0,22.0,711.0,20.8,0.561,43.1,8.9,0.5,2.8,15.0,34.3,0.6,0.5,1.1,0.074,3.8,-0.5,3.3,1.0,2024
Chris Boucher,PF,31.0,50.0,705.0,16.0,0.625,4.5,16.1,3.0,1.0,9.8,17.3,1.2,0.6,1.7,0.119,-0.3,-1.4,-1.7,0.1,2024
Jacob Gilyard,PG,25.0,41.0,699.0,11.1,0.573,27.7,3.6,0.7,2.3,16.6,11.1,0.8,0.6,1.4,0.095,-2.0,0.6,-1.4,0.1,2024
Jacob Gilyard,PG,25.0,37.0,654.0,11.6,0.597,28.5,3.6,0.7,2.0,16.7,11.4,0.9,0.5,1.4,0.103,-1.5,0.2,-1.3,0.1,2024
Bruno Fernando,C,25.0,45.0,682.0,15.2,0.615,9.3,15.4,3.7,1.8,16.1,16.7,0.8,0.7,1.5,0.103,-3.1,0.9,-2.3,-0.1,2024
Dalen Terry,SG,21.0,59.0,681.0,10.2,0.512,15.6,9.3,2.7,2.0,15.4,13.4,0.1,0.7,0.8,0.06,-3.4,1.1,-2.3,0.0,2024
Gary Payton II,SG,31.0,44.0,680.0,13.9,0.621,9.4,9.0,2.4,2.8,12.3,13.6,0.9,0.9,1.8,0.125,-1.3,2.2,0.9,0.5,2024
Mason Plumlee,C,33.0,46.0,674.0,15.8,0.621,10.8,19.6,2.3,1.0,15.5,15.1,1.2,0.9,2.0,0.146,-1.1,0.4,-0.8,0.2,2024
Dāvis Bertāns,PF,31.0,43.0,674.0,11.6,0.583,7.2,5.1,1.7,1.9,6.8,17.4,0.5,0.4,0.9,0.061,-0.8,-0.6,-1.4,0.1,2024
Dāvis Bertāns,PF,31.0,28.0,583.0,10.7,0.57,6.5,4.9,1.4,1.9,7.3,17.7,0.2,0.3,0.4,0.034,-1.4,-0.8,-2.3,0.0,2024
Keita Bates-Diop,SF,28.0,53.0,665.0,11.5,0.534,7.4,9.3,2.9,1.8,7.5,13.0,0.5,0.8,1.3,0.091,-1.5,0.4,-1.0,0.2,2024
Keita Bates-Diop,SF,28.0,39.0,597.0,11.3,0.525,7.4,9.6,3.0,1.8,7.3,13.0,0.4,0.7,1.1,0.089,-1.5,0.3,-1.2,0.1,2024
Jalen Wilson,PF,23.0,43.0,664.0,10.8,0.537,9.3,10.8,0.5,0.8,8.7,14.3,0.6,0.4,1.1,0.077,-1.8,-1.1,-2.9,-0.2,2024
Craig Porter Jr.,PG,23.0,51.0,649.0,15.4,0.564,26.5,9.4,2.1,1.6,15.1,20.2,0.6,0.9,1.5,0.108,-0.6,1.1,0.5,0.4,2024
Rayan Rupert,SG,19.0,39.0,633.0,5.8,0.451,13.5,8.1,0.4,0.9,15.3,13.6,-0.4,0.3,-0.1,-0.009,-5.6,-1.2,-6.7,-0.8,2024
Oshae Brissett,SF,25.0,55.0,630.0,12.8,0.53,8.7,13.7,1.1,1.5,9.5,14.5,0.8,0.9,1.7,0.131,-2.0,0.2,-1.8,0.0,2024
Danilo Gallinari,SF,35.0,49.0,630.0,13.4,0.601,11.6,9.3,0.8,1.1,9.0,17.2,1.0,0.3,1.3,0.098,-0.8,-1.0,-1.9,0.0,2024
Danilo Gallinari,PF,35.0,26.0,385.0,13.4,0.581,10.8,10.6,0.6,0.7,7.2,18.3,0.5,0.1,0.6,0.08,-0.8,-1.8,-2.6,-0.1,2024
Jordan McLaughlin,PG,27.0,56.0,626.0,15.5,0.638,23.7,6.5,1.0,2.8,11.1,12.1,1.4,1.1,2.5,0.193,1.4,2.9,4.2,1.0,2024
Seth Curry,SG,33.0,44.0,616.0,9.9,0.519,9.7,6.1,0.9,1.7,8.8,16.8,0.1,0.4,0.5,0.04,-2.6,-0.6,-3.3,-0.2,2024
Seth Curry,SG,33.0,36.0,457.0,8.6,0.502,8.4,6.2,0.6,1.8,9.4,15.9,-0.1,0.4,0.3,0.034,-3.2,-0.9,-4.0,-0.2,2024
A.J. Green,SG,24.0,56.0,614.0,10.5,0.617,6.4,5.7,0.6,0.7,5.5,15.2,0.7,0.3,1.1,0.084,-0.4,-1.7,-2.1,0.0,2024
Johnny Davis,SG,21.0,50.0,613.0,6.2,0.462,6.6,6.3,1.3,1.4,7.3,12.2,-0.3,0.2,-0.1,-0.009,-5.5,-1.1,-6.6,-0.7,2024
MarJon Beauchamp,SF,23.0,48.0,608.0,9.7,0.592,6.7,8.9,1.0,1.0,13.2,14.6,0.2,0.5,0.7,0.056,-2.3,-0.9,-3.2,-0.2,2024
Marcus Smart,PG,29.0,20.0,605.0,11.8,0.552,22.7,4.8,0.8,3.3,19.2,22.9,-0.5,0.7,0.2,0.02,-3.3,0.9,-2.4,0.0,2024
Mike Muscala,C,32.0,53.0,600.0,7.5,0.47,7.6,11.3,1.8,0.7,11.6,13.4,-0.2,0.3,0.1,0.009,-3.9,-1.4,-5.3,-0.5,2024
Mike Muscala,C,32.0,24.0,338.0,7.6,0.481,8.2,11.9,1.7,0.7,13.9,14.3,-0.2,0.1,0.0,-0.005,-4.4,-1.8,-6.2,-0.4,2024
Jericho Sims,C,25.0,45.0,585.0,10.9,0.702,5.4,14.1,3.0,0.7,19.6,6.0,0.9,0.7,1.5,0.127,-2.4,0.7,-1.8,0.0,2024
Brice Sensabaugh,SF,20.0,32.0,584.0,8.6,0.511,13.0,9.6,0.9,1.1,16.6,20.3,-0.5,0.2,-0.3,-0.024,-3.3,-2.1,-5.5,-0.5,2024
Jarred Vanderbilt,PF,24.0,29.0,581.0,11.6,0.578,7.7,13.2,0.7,2.9,17.7,11.7,0.3,0.8,1.1,0.089,-2.9,1.3,-1.6,0.0,2024
Shake Milton,SG,27.0,48.0,581.0,9.2,0.499,14.4,7.3,0.9,1.6,12.5,18.7,-0.2,0.8,0.6,0.048,-4.3,0.6,-3.7,-0.3,2024
Shake Milton,SG,27.0,38.0,491.0,8.3,0.496,14.1,5.9,0.9,1.6,13.5,18.7,-0.3,0.7,0.4,0.039,-4.8,0.6,-4.2,-0.3,2024
Evan Fournier,SG,31.0,32.0,580.0,8.5,0.464,11.6,5.6,1.0,2.4,8.1,19.0,-0.5,0.4,-0.1,-0.005,-4.7,0.3,-4.3,-0.3,2024
Evan Fournier,SG,31.0,29.0,541.0,8.9,0.482,11.7,5.6,1.1,2.2,8.5,18.6,-0.3,0.4,0.0,0.002,-4.2,0.3,-3.8,-0.3,2024
Zeke Nnaji,PF,23.0,58.0,576.0,12.4,0.528,7.0,12.1,5.6,1.3,13.3,15.4,0.4,0.8,1.2,0.099,-3.8,0.1,-3.7,-0.2,2024
Trey Jemison,C,24.0,25.0,573.0,11.8,0.582,7.1,12.8,4.6,1.0,18.8,13.5,0.3,0.6,0.9,0.073,-4.7,-0.4,-5.1,-0.5,2024
Trey Jemison,C,24.0,23.0,572.0,11.9,0.582,7.1,12.7,4.6,1.0,18.3,13.5,0.3,0.6,0.9,0.075,-4.7,-0.4,-5.1,-0.4,2024
Andre Jackson Jr.,SG,22.0,57.0,572.0,8.5,0.596,10.8,10.8,0.9,1.3,21.1,10.0,0.5,0.5,1.0,0.081,-3.6,0.0,-3.6,-0.2,2024
Jared Butler,SG,23.0,40.0,566.0,14.1,0.579,30.9,5.5,1.2,2.4,18.7,19.9,0.3,0.3,0.6,0.054,-1.5,-0.5,-2.1,0.0,2024
Kevin Knox,SF,24.0,31.0,560.0,9.9,0.57,5.9,7.5,1.1,1.1,10.1,16.6,0.1,0.2,0.4,0.033,-2.8,-1.8,-4.6,-0.4,2024
Lamar Stevens,PF,26.0,38.0,559.0,14.6,0.516,7.9,12.4,3.6,2.0,8.3,22.2,0.0,0.8,0.8,0.068,-2.2,-0.1,-2.2,0.0,2024
Richaun Holmes,C,30.0,40.0,555.0,14.5,0.593,6.0,17.7,2.9,0.9,12.5,14.7,0.8,0.5,1.3,0.114,-2.4,-0.8,-3.3,-0.2,2024
Richaun Holmes,C,30.0,23.0,237.0,13.9,0.572,8.4,18.0,3.3,0.6,15.0,14.5,0.3,0.3,0.6,0.119,-2.4,-0.6,-3.0,-0.1,2024
Tristan Thompson,C,32.0,49.0,549.0,13.9,0.563,12.7,17.8,2.3,1.1,16.9,13.8,0.6,0.8,1.4,0.119,-2.1,0.6,-1.4,0.1,2024
Julian Strawther,SF,21.0,50.0,545.0,8.2,0.482,11.3,6.2,1.1,1.5,8.9,20.7,-0.4,0.6,0.2,0.015,-4.6,-1.4,-6.0,-0.6,2024
Omer Yurtseven,C,25.0,48.0,545.0,15.0,0.565,7.7,21.0,2.9,0.7,15.9,17.9,0.3,0.4,0.7,0.062,-1.6,-1.5,-3.0,-0.1,2024
Vít Krejčí,PG,23.0,22.0,541.0,8.4,0.633,11.6,5.2,1.0,1.2,15.8,9.8,0.5,0.1,0.6,0.056,-3.3,-0.4,-3.7,-0.2,2024
Bones Hyland,PG,23.0,37.0,540.0,10.8,0.49,24.5,5.7,0.7,2.4,14.4,24.8,-0.5,0.5,0.0,0.003,-2.8,-0.8,-3.6,-0.2,2024
Jalen McDaniels,SF,26.0,50.0,538.0,5.0,0.412,9.1,8.1,1.0,1.7,12.8,18.7,-1.1,0.3,-0.8,-0.074,-7.2,-1.8,-9.0,-1.0,2024
Scotty Pippen Jr.,PG,23.0,21.0,527.0,16.4,0.596,30.7,7.0,1.8,3.3,19.8,23.0,0.3,0.7,1.0,0.09,-0.1,1.4,1.3,0.4,2024
Sasha Vezenkov,PF,28.0,42.0,511.0,13.3,0.569,5.1,10.5,1.3,1.9,5.7,17.5,0.5,0.5,1.0,0.098,-0.2,-0.7,-0.9,0.1,2024
Danuel House Jr.,SF,30.0,34.0,509.0,8.5,0.575,7.2,6.3,0.9,1.5,13.2,12.2,0.3,0.4,0.7,0.066,-3.4,-0.5,-4.0,-0.3,2024
Jaden Springer,SG,21.0,49.0,507.0,10.7,0.49,11.5,8.4,2.7,3.5,17.0,17.1,-0.3,0.8,0.6,0.052,-4.9,1.5,-3.4,-0.2,2024
Jaden Springer,SG,21.0,32.0,377.0,10.6,0.481,12.6,8.5,2.7,3.3,16.4,18.2,-0.2,0.5,0.3,0.038,-4.5,1.0,-3.4,-0.1,2024
Patrick Baldwin Jr.,SF,21.0,38.0,493.0,9.7,0.502,7.6,13.3,2.5,1.7,10.2,15.9,-0.3,0.5,0.2,0.019,-4.0,-0.6,-4.6,-0.3,2024
Robert Covington,SF,33.0,29.0,488.0,13.6,0.58,6.3,11.0,3.4,3.9,9.1,10.7,0.6,0.9,1.5,0.145,-1.1,3.2,2.2,0.5,2024
Robert Covington,SF,33.0,26.0,419.0,14.1,0.593,5.3,11.7,3.5,3.9,9.9,11.4,0.5,0.8,1.3,0.149,-0.9,3.0,2.2,0.4,2024
P.J. Tucker,PF,38.0,31.0,486.0,5.9,0.507,3.9,9.8,1.3,1.6,13.5,5.3,0.2,0.5,0.7,0.068,-4.0,0.4,-3.6,-0.2,2024
P.J. Tucker,PF,38.0,28.0,420.0,6.1,0.497,4.5,9.5,1.1,1.5,11.5,5.5,0.3,0.3,0.6,0.07,-3.9,0.3,-3.5,-0.2,2024
Tari Eason,PF,22.0,22.0,480.0,17.1,0.528,8.3,17.1,3.6,3.1,8.9,19.8,0.3,1.0,1.3,0.125,-0.4,2.0,1.6,0.4,2024
Monte Morris,PG,28.0,33.0,476.0,13.2,0.508,20.0,6.8,1.7,2.0,4.2,15.5,0.5,0.7,1.2,0.123,-0.8,1.5,0.7,0.3,2024
Monte Morris,PG,28.0,27.0,408.0,13.9,0.537,20.4,6.3,1.7,2.2,3.8,14.3,0.6,0.7,1.3,0.154,-0.2,2.2,2.0,0.4,2024
Bol Bol,PF,24.0,43.0,469.0,18.7,0.7,5.3,16.5,4.7,1.0,10.7,16.5,1.0,0.7,1.6,0.168,1.4,0.8,2.1,0.5,2024
Isaiah Livers,PF,25.0,23.0,469.0,5.1,0.46,7.0,5.7,0.9,1.3,11.4,12.7,-0.3,0.2,-0.1,-0.015,-5.0,-1.5,-6.5,-0.5,2024
Anthony Gill,PF,31.0,50.0,466.0,12.1,0.537,10.0,10.8,1.9,1.3,11.6,18.0,0.1,0.2,0.4,0.038,-2.6,-1.5,-4.1,-0.3,2024
Yuta Watanabe,SF,29.0,34.0,464.0,4.7,0.474,4.2,6.5,1.3,1.3,13.3,13.3,-0.5,0.4,-0.1,-0.009,-5.3,-1.1,-6.4,-0.5,2024
Yuta Watanabe,SF,29.0,29.0,382.0,5.4,0.502,3.3,6.7,1.6,1.2,13.4,13.6,-0.3,0.3,0.0,0.004,-4.6,-1.4,-6.0,-0.4,2024
Nassir Little,SF,23.0,45.0,458.0,9.9,0.572,6.1,9.3,1.9,1.1,9.5,13.9,0.3,0.4,0.7,0.074,-2.4,-0.6,-3.0,-0.1,2024
Sandro Mamukelashvili,C,24.0,46.0,451.0,15.8,0.559,15.4,17.6,2.2,0.7,10.1,17.7,0.6,0.4,1.0,0.11,-0.1,-0.4,-0.5,0.2,2024
Alex Len,C,30.0,48.0,444.0,14.7,0.625,14.4,16.1,6.8,1.2,22.0,11.8,0.6,0.7,1.3,0.138,-2.7,2.9,0.2,0.2,2024
Thomas Bryant,C,26.0,38.0,441.0,19.0,0.639,8.3,18.1,3.5,1.1,11.0,19.3,0.9,0.8,1.6,0.177,-0.6,0.2,-0.4,0.2,2024
Thaddeus Young,PF,35.0,33.0,439.0,15.9,0.598,17.9,13.0,1.0,2.5,11.6,12.6,0.9,0.4,1.3,0.138,-0.5,0.8,0.3,0.2,2024
Thaddeus Young,PF,35.0,23.0,350.0,16.0,0.618,19.8,11.8,0.8,2.5,10.7,12.6,0.7,0.3,1.0,0.138,-0.2,0.9,0.6,0.2,2024
Skylar Mays,PG,26.0,38.0,433.0,12.0,0.466,29.1,5.6,0.8,2.4,10.7,18.4,0.1,0.3,0.4,0.044,-2.1,0.1,-2.0,0.0,2024
Skylar Mays,PG,26.0,21.0,356.0,11.9,0.457,31.8,5.8,0.8,1.9,11.0,19.5,0.0,0.2,0.3,0.034,-1.8,-0.5,-2.3,0.0,2024
Chuma Okeke,SF,25.0,47.0,432.0,6.9,0.465,6.2,10.9,1.5,1.0,12.2,13.3,-0.3,0.6,0.3,0.029,-3.2,-0.2,-3.4,-0.2,2024
Dominick Barlow,PF,20.0,33.0,420.0,14.6,0.548,11.7,14.5,2.8,1.4,6.4,14.1,0.7,0.4,1.1,0.126,-1.7,0.0,-1.7,0.0,2024
Reggie Bullock,SF,32.0,44.0,417.0,7.7,0.582,4.6,9.4,1.1,1.4,10.8,9.4,0.1,0.5,0.6,0.072,-2.9,0.5,-2.4,0.0,2024
Patty Mills,PG,35.0,32.0,415.0,7.2,0.467,11.1,4.7,0.2,2.4,10.5,15.9,-0.3,0.4,0.1,0.009,-5.0,0.4,-4.6,-0.3,2024
Trent Forrest,SG,25.0,38.0,414.0,8.9,0.426,27.6,6.7,0.7,1.3,17.0,11.8,0.1,0.1,0.2,0.027,-3.8,-0.7,-4.4,-0.3,2024
Svi Mykhailiuk,SF,26.0,41.0,413.0,11.7,0.575,11.0,6.7,0.2,1.3,7.8,16.1,0.5,0.4,0.9,0.106,-0.9,-0.9,-1.8,0.0,2024
Wesley Matthews,SG,37.0,36.0,413.0,8.2,0.511,6.9,7.0,2.4,1.9,6.9,11.7,0.2,0.3,0.4,0.049,-3.1,0.3,-2.8,-0.1,2024
Aleksej Pokusevski,PF,22.0,28.0,405.0,12.7,0.525,12.0,12.3,3.0,1.8,12.0,17.2,0.0,0.4,0.4,0.05,-1.8,-0.1,-1.9,0.0,2024
Luka Šamanić,PF,24.0,43.0,404.0,8.9,0.485,6.5,13.9,1.5,0.6,13.3,21.8,-0.4,0.2,-0.2,-0.029,-4.9,-2.9,-7.8,-0.6,2024
Javon Freeman-Liberty,PG,24.0,22.0,403.0,10.7,0.547,13.4,9.6,0.9,1.2,15.2,17.5,0.1,0.2,0.2,0.029,-3.1,-2.0,-5.2,-0.3,2024
Derrick Rose,PG,35.0,24.0,399.0,13.1,0.54,32.3,6.2,0.5,1.0,14.9,22.3,0.1,0.3,0.4,0.046,-1.3,-1.5,-2.8,-0.1,2024
DeAndre Jordan,C,35.0,36.0,396.0,16.0,0.61,8.5,22.0,3.4,0.8,16.5,15.4,0.6,0.6,1.2,0.147,-1.7,-0.1,-1.7,0.0,2024
Kobe Brown,PF,24.0,44.0,394.0,7.6,0.49,8.1,8.9,1.4,1.5,9.0,11.1,0.1,0.3,0.5,0.055,-4.0,0.2,-3.8,-0.2,2024
Lester Quiñones,SG,23.0,37.0,394.0,10.3,0.533,12.0,9.9,0.5,0.7,10.0,18.3,0.3,0.3,0.6,0.068,-2.0,-1.3,-3.3,-0.1,2024
Eugene Omoruyi,SF,26.0,43.0,393.0,16.0,0.549,13.0,11.6,1.0,3.2,10.0,22.5,0.2,0.4,0.6,0.074,-1.9,-0.4,-2.3,0.0,2024
Matt Ryan,SF,26.0,28.0,390.0,9.0,0.638,6.1,5.7,0.3,0.8,13.8,15.4,0.2,0.3,0.5,0.065,-1.4,-1.3,-2.7,-0.1,2024
Justin Minaya,SF,24.0,34.0,381.0,5.8,0.391,7.3,8.2,2.4,1.2,10.3,9.7,-0.1,0.2,0.1,0.009,-5.1,-0.5,-5.6,-0.3,2024
Johnny Juzang,SG,22.0,20.0,372.0,9.6,0.62,8.4,5.3,0.5,0.5,10.1,14.5,0.4,0.0,0.4,0.047,-1.5,-2.2,-3.7,-0.2,2024
Noah Clowney,PF,19.0,23.0,370.0,14.2,0.626,6.9,12.0,3.9,1.1,12.4,14.2,0.5,0.4,0.9,0.111,-0.8,0.1,-0.7,0.1,2024
Ousmane Dieng,PF,20.0,33.0,365.0,10.1,0.54,12.9,7.8,1.3,1.1,13.4,16.9,0.0,0.4,0.4,0.055,-2.3,-0.7,-3.0,-0.1,2024
Jontay Porter,PF,24.0,26.0,360.0,14.9,0.514,21.8,12.5,4.9,2.7,15.8,15.8,0.2,0.4,0.7,0.089,-0.3,1.9,1.7,0.3,2024
Brandon Boston Jr.,SF,22.0,32.0,345.0,8.7,0.476,5.4,8.5,2.1,1.6,12.0,25.4,-0.6,0.3,-0.3,-0.04,-6.2,-2.7,-9.0,-0.6,2024
Jarace Walker,PF,20.0,33.0,340.0,11.8,0.527,13.9,10.5,2.6,2.1,13.0,16.1,0.1,0.3,0.4,0.058,-0.5,0.7,0.2,0.2,2024
JaVale McGee,C,36.0,46.0,339.0,19.0,0.609,7.6,20.8,5.4,2.0,18.3,23.4,0.1,0.6,0.7,0.101,-1.9,0.6,-1.3,0.1,2024
Olivier-Maxence Prosper,PF,21.0,40.0,336.0,11.6,0.496,8.4,12.8,1.0,1.0,6.2,16.6,0.2,0.3,0.5,0.076,-1.7,-1.3,-2.9,-0.1,2024
Jeremiah Robinson-Earl,PF,23.0,39.0,334.0,11.8,0.564,8.4,12.7,1.2,1.5,13.6,15.4,0.2,0.4,0.6,0.086,-1.9,-0.3,-2.2,0.0,2024
Neemias Queta,C,24.0,28.0,333.0,22.9,0.662,8.5,19.8,5.5,1.9,10.1,16.9,1.1,0.7,1.8,0.259,0.4,1.1,1.5,0.3,2024
Julian Phillips,SF,20.0,40.0,323.0,7.0,0.521,5.3,6.2,2.2,1.1,10.5,13.0,0.0,0.2,0.2,0.031,-4.7,-0.6,-5.3,-0.3,2024
Cody Zeller,C,31.0,43.0,320.0,12.8,0.483,15.2,19.5,1.5,1.4,16.9,12.9,0.4,0.4,0.8,0.124,-2.9,0.3,-2.6,0.0,2024
Devonte' Graham,PG,28.0,23.0,313.0,9.4,0.495,21.0,6.2,0.5,1.4,12.9,17.8,-0.1,0.2,0.1,0.018,-3.0,-0.9,-3.9,-0.1,2024
A.J. Lawson,SG,23.0,42.0,311.0,11.2,0.519,8.9,8.8,0.8,1.5,9.6,20.0,0.0,0.3,0.2,0.036,-3.1,-1.5,-4.6,-0.2,2024
Nathan Mensah,C,25.0,25.0,307.0,5.0,0.496,3.7,11.9,4.3,1.0,29.6,6.8,0.0,0.2,0.1,0.023,-8.7,-0.1,-8.8,-0.5,2024
Stanley Umude,SG,24.0,24.0,307.0,11.4,0.647,4.9,9.3,2.0,1.3,12.5,15.6,0.3,0.2,0.5,0.085,-1.5,-0.1,-1.6,0.0,2024
Orlando Robinson,C,23.0,36.0,304.0,14.0,0.596,15.8,15.7,2.6,1.1,17.8,14.8,0.4,0.5,0.9,0.135,-1.9,0.8,-1.1,0.1,2024
Furkan Korkmaz,SG,26.0,35.0,300.0,9.2,0.519,11.0,5.5,0.9,2.3,10.5,13.6,0.0,0.3,0.4,0.057,-3.2,0.4,-2.7,-0.1,2024
Cory Joseph,PG,32.0,26.0,296.0,6.2,0.47,17.2,5.5,0.9,0.7,15.2,11.3,0.0,0.2,0.2,0.034,-4.0,-0.7,-4.7,-0.2,2024
Ricky Council IV,SG,22.0,32.0,289.0,18.6,0.604,8.2,8.8,0.3,1.4,3.4,22.1,0.8,0.3,1.0,0.173,2.1,-0.8,1.3,0.2,2024
Garrett Temple,SG,37.0,27.0,289.0,9.5,0.502,12.5,8.6,0.9,2.0,13.8,15.0,0.0,0.2,0.2,0.032,-3.4,-1.2,-4.7,-0.2,2024
Leaky Black,SF,24.0,26.0,284.0,11.5,0.589,11.4,9.5,3.6,1.4,9.3,10.1,0.3,0.2,0.5,0.084,-2.6,0.3,-2.4,0.0,2024
Lindy Waters III,SG,26.0,38.0,280.0,15.3,0.653,11.5,8.0,2.3,0.9,6.3,17.3,0.6,0.3,0.9,0.15,2.4,-0.5,1.9,0.3,2024
Kessler Edwards,SF,23.0,54.0,275.0,10.3,0.541,7.1,8.5,1.3,1.8,4.4,14.0,0.2,0.3,0.5,0.083,-1.6,0.1,-1.5,0.0,2024
Damian Jones,C,28.0,39.0,270.0,15.8,0.659,7.9,12.9,4.3,1.3,13.8,15.4,0.4,0.4,0.8,0.15,-1.7,1.2,-0.5,0.1,2024
Onuralp Bitim,SG,24.0,23.0,268.0,5.0,0.464,6.5,6.7,0.8,0.6,10.4,15.8,-0.3,0.1,-0.1,-0.027,-5.4,-2.0,-7.4,-0.4,2024
Kira Lewis Jr.,PG,22.0,28.0,265.0,8.6,0.441,18.8,5.4,0.7,1.7,12.2,18.5,-0.2,0.2,0.0,-0.005,-4.4,-1.4,-5.8,-0.3,2024
Jamal Cain,PF,24.0,26.0,259.0,11.5,0.544,5.6,8.1,1.9,1.9,8.2,16.7,0.1,0.3,0.5,0.089,-2.5,0.2,-2.3,0.0,2024
Ibou Badji,C,21.0,22.0,226.0,8.1,0.623,7.7,12.6,8.0,0.7,35.5,8.0,0.0,0.2,0.2,0.046,-7.7,1.9,-5.8,-0.2,2024
Collin Gillespie,PG,24.0,24.0,225.0,11.0,0.586,15.5,5.2,0.0,2.9,15.9,17.1,0.1,0.3,0.4,0.076,-3.7,0.9,-2.7,0.0,2024
Markieff Morris,PF,34.0,26.0,216.0,6.6,0.467,9.4,9.9,1.2,1.1,14.5,16.4,-0.3,0.2,-0.1,-0.014,-4.0,-1.3,-5.3,-0.2,2024
Taj Gibson,PF,38.0,20.0,204.0,5.9,0.449,6.9,10.2,3.2,0.7,11.7,9.0,0.0,0.2,0.2,0.044,-5.3,0.1,-5.3,-0.2,2024
Moses Brown,C,24.0,22.0,200.0,14.5,0.477,5.4,24.1,3.2,1.2,12.3,19.1,-0.1,0.2,0.2,0.044,-4.1,-2.4,-6.5,-0.2,2024
Kenneth Lofton Jr.,PF,21.0,21.0,199.0,14.7,0.537,25.7,10.5,2.3,1.5,13.5,22.1,0.1,0.2,0.3,0.068,-0.6,0.3,-0.3,0.1,2024
Colby Jones,SG,21.0,30.0,192.0,8.9,0.422,13.9,11.7,2.4,1.8,11.6,19.1,-0.2,0.2,0.0,0.007,-5.4,0.4,-5.0,-0.1,2024
Gui Santos,PF,21.0,23.0,192.0,15.6,0.656,9.6,13.8,0.9,1.0,10.1,15.2,0.5,0.2,0.7,0.169,0.0,-0.5,-0.5,0.1,2024
Terry Taylor,PF,24.0,31.0,188.0,10.1,0.558,7.0,11.0,1.1,1.3,14.5,11.3,0.1,0.1,0.3,0.07,-3.1,-0.1,-3.2,0.0,2024
Saben Lee,PG,24.0,24.0,185.0,13.5,0.492,21.0,9.5,1.4,1.8,10.0,18.8,0.2,0.2,0.4,0.099,-2.0,0.6,-1.4,0.0,2024
AJ Griffin,SF,20.0,20.0,171.0,1.2,0.382,3.7,5.7,1.1,0.3,11.3,17.3,-0.4,0.0,-0.4,-0.12,-6.0,-3.5,-9.6,-0.3,2024
Thanasis Antetokounmpo,PF,31.0,34.0,155.0,5.5,0.518,13.9,4.6,2.2,2.2,31.2,12.5,-0.2,0.1,0.0,-0.01,-6.7,0.3,-6.4,-0.2,2024
Nate Williams,SG,24.0,22.0,129.0,15.6,0.565,8.3,9.6,0.7,1.5,6.7,19.7,0.2,0.1,0.3,0.11,-0.8,-0.8,-1.6,0.0,2024
Jalen Pickett,SG,24.0,27.0,122.0,9.7,0.571,21.7,6.4,0.0,1.6,19.7,16.4,0.0,0.1,0.2,0.065,-2.7,-0.5,-3.3,0.0,2024
Luka Garza,C,25.0,25.0,122.0,21.8,0.576,5.9,14.4,0.7,1.6,6.5,33.3,0.2,0.2,0.4,0.166,0.6,-2.7,-2.1,0.0,2024
Jalen Hood-Schifino,SG,20.0,21.0,109.0,-1.5,0.316,9.1,6.6,1.6,1.3,14.3,24.9,-0.6,0.1,-0.5,-0.222,-12.4,-3.7,-16.1,-0.4,2024
Maxwell Lewis,SF,21.0,34.0,103.0,-3.9,0.246,6.8,2.2,0.8,0.9,30.9,13.6,-0.5,0.0,-0.4,-0.195,-10.3,-3.2,-13.5,-0.3,2024
Harry Giles,C,25.0,23.0,100.0,14.8,0.503,10.5,16.4,2.7,1.0,9.7,26.7,0.0,0.1,0.1,0.027,-2.7,-2.0,-4.8,-0.1,2024
Josh Minott,SF,21.0,32.0,91.0,20.4,0.593,13.2,10.6,4.9,2.7,4.5,21.4,0.2,0.2,0.4,0.222,1.8,3.3,5.1,0.2,2024
Chris Livingston,SF,20.0,21.0,90.0,6.9,0.547,7.2,12.8,0.0,1.1,17.4,13.8,0.0,0.1,0.1,0.027,-7.0,-1.0,-8.0,-0.1,2024
Admiral Schofield,PF,26.0,23.0,84.0,6.0,0.484,11.6,11.9,0.0,0.6,15.7,16.6,-0.1,0.1,0.0,0.006,-4.1,-0.8,-4.9,-0.1,2024
Jerome Robinson,SG,26.0,22.0,81.0,5.7,0.41,8.0,4.0,3.3,0.6,5.0,20.7,-0.1,0.1,-0.1,-0.04,-6.1,-2.2,-8.3,-0.1,2024
Wendell Moore Jr.,SG,22.0,25.0,75.0,8.6,0.5,10.9,9.1,1.2,3.3,18.2,13.0,-0.1,0.2,0.1,0.052,-6.1,3.3,-2.8,0.0,2024
Braxton Key,SF,26.0,20.0,60.0,16.5,0.536,18.8,16.6,1.4,1.7,4.6,15.7,0.1,0.1,0.2,0.18,0.5,1.6,2.1,0.1,2024
Jay Huff,C,25.0,20.0,49.0,18.5,0.724,5.6,12.4,5.2,2.0,5.9,15.0,0.1,0.1,0.2,0.212,-0.3,1.6,1.3,0.0,2024
Ryan Arcidiacono,PG,29.0,20.0,45.0,-2.0,0.0,10.4,10.0,0.0,2.2,25.0,7.7,-0.1,0.1,-0.1,-0.089,-11.5,1.9,-9.6,-0.1,2024
